<?xml version="1.0" encoding="utf-8"?>
<feed xmlns="http://www.w3.org/2005/Atom">
  <title>泽</title>
  
  <subtitle>xltz的小博客</subtitle>
  <link href="/atom.xml" rel="self"/>
  
  <link href="https://blog.stzo.cn/"/>
  <updated>2020-05-01T04:41:00.826Z</updated>
  <id>https://blog.stzo.cn/</id>
  
  <author>
    <name>xltz</name>
    
  </author>
  
  <generator uri="https://hexo.io/">Hexo</generator>
  
  <entry>
    <title>抽奖第一波</title>
    <link href="https://blog.stzo.cn/2020/05/01/%E6%8A%BD%E5%A5%96%E7%AC%AC%E4%B8%80%E6%B3%A2/"/>
    <id>https://blog.stzo.cn/2020/05/01/%E6%8A%BD%E5%A5%96%E7%AC%AC%E4%B8%80%E6%B3%A2/</id>
    <published>2020-05-01T04:40:53.413Z</published>
    <updated>2020-05-01T04:41:00.826Z</updated>
    
    <content type="html"><![CDATA[<p>抽奖送一个v2ray节点，可能会再送一个eusrv的vps（看我心情）<br>回帖格式：抽奖抽奖<br>随机抽取一个人送出。同一邮箱只能抽奖一次，请确保邮箱正确，中奖后将通过邮箱发送奖品。<br>2020年5月2日中午12：00开奖</p>]]></content>
    
    <summary type="html">
    
      
      
        &lt;p&gt;抽奖送一个v2ray节点，可能会再送一个eusrv的vps（看我心情）&lt;br&gt;回帖格式：抽奖抽奖&lt;br&gt;随机抽取一个人送出。同一邮箱只能抽奖一次，请确保邮箱正确，中奖后将通过邮箱发送奖品。&lt;br&gt;2020年5月2日中午12：00开奖&lt;/p&gt;

      
    
    </summary>
    
    
    
  </entry>
  
  <entry>
    <title>建了一个tg api代理</title>
    <link href="https://blog.stzo.cn/2020/04/21/%E5%BB%BA%E4%BA%86%E4%B8%80%E4%B8%AAtg%20api%E4%BB%A3%E7%90%86/"/>
    <id>https://blog.stzo.cn/2020/04/21/%E5%BB%BA%E4%BA%86%E4%B8%80%E4%B8%AAtg%20api%E4%BB%A3%E7%90%86/</id>
    <published>2020-04-21T07:51:01.030Z</published>
    <updated>2020-04-21T07:51:08.535Z</updated>
    
    <content type="html"><![CDATA[<p>最近闲的无聊，建了一个tg api的代理，实现在中国大陆访问tg api，实现bot功能。<br>速度不错，用的cf workers，每天10万次请求，理智使用。<br>网址：<a href="https://ss.stzo.cn" target="_blank" rel="noopener">https://ss.stzo.cn</a><br>调用方法：把api.telegram.org替换为ss.stzo.cn即可</p>]]></content>
    
    <summary type="html">
    
      
      
        &lt;p&gt;最近闲的无聊，建了一个tg api的代理，实现在中国大陆访问tg api，实现bot功能。&lt;br&gt;速度不错，用的cf workers，每天10万次请求，理智使用。&lt;br&gt;网址：&lt;a href=&quot;https://ss.stzo.cn&quot; target=&quot;_blank&quot; rel=
      
    
    </summary>
    
    
    
  </entry>
  
  <entry>
    <title>搭建无限容量goindex</title>
    <link href="https://blog.stzo.cn/2020/04/19/%E6%90%AD%E5%BB%BA%E6%97%A0%E9%99%90%E5%AE%B9%E9%87%8Fgoindex/"/>
    <id>https://blog.stzo.cn/2020/04/19/%E6%90%AD%E5%BB%BA%E6%97%A0%E9%99%90%E5%AE%B9%E9%87%8Fgoindex/</id>
    <published>2020-04-19T01:27:31.120Z</published>
    <updated>2020-04-19T01:27:38.792Z</updated>
    
    <content type="html"><![CDATA[<p>首先，我们来申请一个无限容量的Google Drive<br>打开这个网站：<a href="https://gd.zxd.workers.dev/" target="_blank" rel="noopener">https://gd.zxd.workers.dev/</a></p><figure class="image-bubble">                <div class="img-lightbox">                    <div class="overlay"></div>                    <img src="https://shop.io.mi-img.com/app/shop/img?id=shop_4dead0afce20cd7e576af6c8f0e0e5c0.png" alt="" title="">                </div>                <div class="image-caption"></div>            </figure><p>填写信息，然后你就拥有无限容量Google Drive团队盘了。<br>登录你的Google账号，在云端硬盘里找到共享云端硬盘，打开，然后找到地址里的folders后面的一串字符，复制下来。<br>打开<a href="https://install.gd.workers.dev/" target="_blank" rel="noopener">https://install.gd.workers.dev/</a></p><figure class="image-bubble">                <div class="img-lightbox">                    <div class="overlay"></div>                    <img src="https://shop.io.mi-img.com/app/shop/img?id=shop_2e3decb469fd329c9828155bf757e891.png" alt="" title="">                </div>                <div class="image-caption"></div>            </figure><p>获取认证码，把你在上面获得的一串字符填到目录id那一栏，生成代码。<br>去<a href="https://dash.cloudflare.com/" target="_blank" rel="noopener">cloudflare</a>新建一个cf worker，把代码粘贴到里面，部署</p><figure class="image-bubble">                <div class="img-lightbox">                    <div class="overlay"></div>                    <img src="https://shop.io.mi-img.com/app/shop/img?id=shop_93a89ce87e807687d351baaa56039329.png" alt="" title="">                </div>                <div class="image-caption"></div>            </figure><p>然后打开xxx(你的worker名字).workers.dev就可以看到你的Google Drive团队盘了。<br>展示一下成品：</p><figure class="image-bubble">                <div class="img-lightbox">                    <div class="overlay"></div>                    <img src="https://shop.io.mi-img.com/app/shop/img?id=shop_c78e2e601a9428dc7252f5f869cde423.png" alt="" title="">                </div>                <div class="image-caption"></div>            </figure>]]></content>
    
    <summary type="html">
    
      
      
        &lt;p&gt;首先，我们来申请一个无限容量的Google Drive&lt;br&gt;打开这个网站：&lt;a href=&quot;https://gd.zxd.workers.dev/&quot; target=&quot;_blank&quot; rel=&quot;noopener&quot;&gt;https://gd.zxd.workers.dev/&lt;/a
      
    
    </summary>
    
    
    
  </entry>
  
  <entry>
    <title>cmlink英国电话卡</title>
    <link href="https://blog.stzo.cn/2020/04/01/cmlink%E8%8B%B1%E5%9B%BD%E7%94%B5%E8%AF%9D%E5%8D%A1/"/>
    <id>https://blog.stzo.cn/2020/04/01/cmlink%E8%8B%B1%E5%9B%BD%E7%94%B5%E8%AF%9D%E5%8D%A1/</id>
    <published>2020-04-01T01:24:57.596Z</published>
    <updated>2020-04-01T04:49:01.443Z</updated>
    
    <content type="html"><![CDATA[<figure class="image-bubble">                <div class="img-lightbox">                    <div class="overlay"></div>                    <img src="https://shop.io.mi-img.com/app/shop/img?id=shop_9e56d425b16be532e0331a3304bb0dd2.png" alt="" title="">                </div>                <div class="image-caption"></div>            </figure><blockquote><p>介意者慎用</p></blockquote><p>申请地址：<a href="https://www.cmlink.com/uk/zh/free-sim" target="_blank" rel="noopener">https://www.cmlink.com/uk/zh/free-sim</a><br><font color=red>限定优惠：<br>2020年6月30日前新入网或携号转入成为CMLink用户，您填写的中国移动国内号码，可获赠120元人民币的话费，分6个月赠送。<br>从CMLink卡激活次月起，每月11日前（英国时间）保持号码有有效套餐且状态正常，即可获得当月话费赠送；如号码停机或套餐失效，当月话费赠送取消且不可补赠。<br>该优惠仅适用于订购9.9镑及以上套餐，且2020年6月30日前激活CMLink卡的客户。<br>话费赠送的中国移动国内号码一经填写，不可修改。</font></p><table><thead><tr><th>服务</th><th>资费(英国)</th></tr></thead><tbody><tr><td>流量</td><td>5p/MB</td></tr><tr><td>CMLink网内的所有电话和短信</td><td>免费 + 无限</td></tr><tr><td>拨打网外电话和固定电话</td><td>8p/分钟</td></tr><tr><td>接听电话</td><td>免费</td></tr><tr><td>发送短信至网外电话及欧盟及指定地区</td><td>6p/条</td></tr><tr><td>发送短信至中国大陆及香港地区</td><td>8p/条</td></tr></tbody></table><table><thead><tr><th>服务</th><th>资费(中国)</th></tr></thead><tbody><tr><td>流量</td><td>5p/MB</td></tr><tr><td>接听电话</td><td>30p/分钟</td></tr><tr><td>拨打中国大陆及香港地区电话</td><td>2p/分钟</td></tr><tr><td>拨打英国电话及留言信箱</td><td>30p/分钟</td></tr><tr><td>拨打欧盟及指定地区、其它国家及地区*电话</td><td>150p/分钟</td></tr><tr><td>接收短信</td><td>免费</td></tr><tr><td>发送短信至英国、欧盟及指定地区、中国大陆、香港地区、其它国家及地区</td><td>35p/条</td></tr></tbody></table><blockquote><p><strong>*<font color=red>持此卡在中国大陆上网有惊喜！</font>*</strong></p></blockquote><p>官网还有可选套餐：</p><figure class="image-bubble">                <div class="img-lightbox">                    <div class="overlay"></div>                    <img src="https://shop.io.mi-img.com/app/shop/img?id=shop_d6f1ee1de4ede859195ee0ed6d91c466.png" alt="" title="">                </div>                <div class="image-caption"></div>            </figure><p>有点贵。。。<br>补充：这张卡是不需要实名的，而且快递包邮，博主收到的卡是发的圆通快递，三天左右到。<br>大家看需要购买吧，记住，<font color=red>官网的申请页面提交以后报错是正常的，不要多次尝试，否则。。。就会和博主一样收到三张卡。。。</font></p>]]></content>
    
    <summary type="html">
    
      
      
        &lt;figure class=&quot;image-bubble&quot;&gt;
                &lt;div class=&quot;img-lightbox&quot;&gt;
                    &lt;div class=&quot;overlay&quot;&gt;&lt;/div&gt;
                   
      
    
    </summary>
    
    
    
  </entry>
  
  <entry>
    <title>博客迁移到hexo</title>
    <link href="https://blog.stzo.cn/2020/03/31/%E5%8D%9A%E5%AE%A2%E8%BF%81%E7%A7%BB%E5%88%B0hexo/"/>
    <id>https://blog.stzo.cn/2020/03/31/%E5%8D%9A%E5%AE%A2%E8%BF%81%E7%A7%BB%E5%88%B0hexo/</id>
    <published>2020-03-31T14:10:50.305Z</published>
    <updated>2020-03-31T14:10:58.303Z</updated>
    
    <content type="html"><![CDATA[<p>最近，我把<a href="https://stzo.cn">博客</a>从wordpress转向hexo,主要是因为hexo拥有wordpress无法匹敌的轻量性，而且纯静态博客，性能更好。其实文章写起来都差不多，都是markdown.（还有我感觉hexo的indigo主题比较好看）<br>首先，安装hexo环境，可以去<a href="https://hexo.io/" target="_blank" rel="noopener">hexo官网</a>，里面有详细的教程。</p><figure class="image-bubble">                <div class="img-lightbox">                    <div class="overlay"></div>                    <img src="https://shop.io.mi-img.com/app/shop/img?id=shop_0daa73245a54c404aa0ec843e1e3b9b3.png" alt="" title="">                </div>                <div class="image-caption"></div>            </figure><p>打开git工具，输入：</p><figure class="highlight plain"><table><tr><td class="gutter"><pre><span class="line">1</span><br></pre></td><td class="code"><pre><span class="line">hexo g</span><br></pre></td></tr></table></figure><p>来生成静态文件，在public目录底下，直接把public目录底下的文件上传到服务器就好了。<br>当然，hexo也提供本地测试：</p><figure class="highlight plain"><table><tr><td class="gutter"><pre><span class="line">1</span><br></pre></td><td class="code"><pre><span class="line">hexo server</span><br></pre></td></tr></table></figure><p>然后访问<a href="http://localhost:4000" target="_blank" rel="noopener">http://localhost:4000</a>就可以看到你的博客了。<br>插件什么的，大家可以自由添加，实现评论，统计等等。<br>放张成品图：</p><figure class="image-bubble">                <div class="img-lightbox">                    <div class="overlay"></div>                    <img src="https://shop.io.mi-img.com/app/shop/img?id=shop_6a2de3876da9bb6759de72e08567a06f.png" alt="" title="">                </div>                <div class="image-caption"></div>            </figure><p>漂亮吧！<br>至于indigo主题不自带友情链接的问题。。。<br>我直接把tags页面改成了友情链接页面emmm。。。</p>]]></content>
    
    <summary type="html">
    
      
      
        &lt;p&gt;最近，我把&lt;a href=&quot;https://stzo.cn&quot;&gt;博客&lt;/a&gt;从wordpress转向hexo,主要是因为hexo拥有wordpress无法匹敌的轻量性，而且纯静态博客，性能更好。其实文章写起来都差不多，都是markdown.（还有我感觉hexo的indigo主
      
    
    </summary>
    
    
    
  </entry>
  
  <entry>
    <title>免费获取cloudflare pro</title>
    <link href="https://blog.stzo.cn/2020/03/30/%E5%85%8D%E8%B4%B9%E8%8E%B7%E5%8F%96cloudflare%20pro/"/>
    <id>https://blog.stzo.cn/2020/03/30/%E5%85%8D%E8%B4%B9%E8%8E%B7%E5%8F%96cloudflare%20pro/</id>
    <published>2020-03-30T06:45:22.251Z</published>
    <updated>2020-03-31T22:36:53.221Z</updated>
    
    <content type="html"><![CDATA[<blockquote><p>记住，低调，低调，低调！</p></blockquote><p>这是cloudflare pro在官网的定价：</p><figure class="image-bubble">                <div class="img-lightbox">                    <div class="overlay"></div>                    <img src="https://shop.io.mi-img.com/app/shop/img?id=shop_1f65aed6d5d8483f30fb49f7bcb2df4a.png" alt="" title="">                </div>                <div class="image-caption"></div>            </figure><p>先来看看cloudflare pro有什么优点：</p><figure class="image-bubble">                <div class="img-lightbox">                    <div class="overlay"></div>                    <img src="https://shop.io.mi-img.com/app/shop/img?id=shop_dccab81a35e513f28370390fc0235c49.png" alt="" title="">                </div>                <div class="image-caption"></div>            </figure><p>据说可以用专业版节点，没有实测，反正比免费版好就是了。</p><p>最近看到很多人去抢ion的wordpress空间，就为了cloudflare pro，缺货后还不惜花钱去买。。。</p><p>我给大家分享另一个能免费获取cloudflare pro的网站：<a href="https://bearhosting.co.uk/" target="_blank" rel="noopener">bearhosting</a></p><figure class="image-bubble">                <div class="img-lightbox">                    <div class="overlay"></div>                    <img src="https://shop.io.mi-img.com/app/shop/img?id=shop_4edc0e770c7291f5be6c096d39eb5df2.png" alt="" title="">                </div>                <div class="image-caption"></div>            </figure><p>而且似乎是cloudflare pro（plus）（虽然不知道plus有什么用）</p><figure class="image-bubble">                <div class="img-lightbox">                    <div class="overlay"></div>                    <img src="https://shop.io.mi-img.com/app/shop/img?id=shop_f2f248ce098f02bdd131df82c77eb4d9.png" alt="" title="">                </div>                <div class="image-caption"></div>            </figure><p>进入plesk面板，选择ServerShield by Cloudflare：</p><figure class="image-bubble">                <div class="img-lightbox">                    <div class="overlay"></div>                    <img src="https://shop.io.mi-img.com/app/shop/img?id=shop_fb919b7e2ba553ab2c14c5fa566fa47c.png" alt="" title="">                </div>                <div class="image-caption"></div>            </figure><p>然后登陆cloudflare账号，选择域名，然后你的域名就是cloudflare pro计划了。<br>这家有两种面板，只有plesk<br>面板才有cf pro，法国节点加上cf的加速，国内访问不错。美国节点本身在中国的访问速度就很好。</p>]]></content>
    
    <summary type="html">
    
      
      
        &lt;blockquote&gt;
&lt;p&gt;记住，低调，低调，低调！&lt;/p&gt;
&lt;/blockquote&gt;
&lt;p&gt;这是cloudflare pro在官网的定价：&lt;/p&gt;
&lt;figure class=&quot;image-bubble&quot;&gt;
                &lt;div class=&quot;img-
      
    
    </summary>
    
    
    
  </entry>
  
  <entry>
    <title>如何优化cloudflare访问速度</title>
    <link href="https://blog.stzo.cn/2020/03/30/%E5%A6%82%E4%BD%95%E4%BC%98%E5%8C%96cloudflare%E8%AE%BF%E9%97%AE%E9%80%9F%E5%BA%A6/"/>
    <id>https://blog.stzo.cn/2020/03/30/%E5%A6%82%E4%BD%95%E4%BC%98%E5%8C%96cloudflare%E8%AE%BF%E9%97%AE%E9%80%9F%E5%BA%A6/</id>
    <published>2020-03-30T06:09:40.968Z</published>
    <updated>2020-03-31T09:34:00.838Z</updated>
    
    <content type="html"><![CDATA[<p><a href="https://stzo.cn">本站</a>就是用cloudflare实现访问的，具体可以看我上一篇文章。如果你使用ipv4来访问本站，会发现速度很快，ping值也在50ms左右（我这里）。这速度延时，不像是cloudflare减速器啊！（笑）下面我就来说说怎么实现加速。</p><p>首先，我们要在cloudflare官网注册一个账号：</p><figure class="image-bubble">                <div class="img-lightbox">                    <div class="overlay"></div>                    <img src="https://shop.io.mi-img.com/app/shop/img?id=shop_91669121d5256049b710d3d3f7772eb1.png" alt="" title="">                </div>                <div class="image-caption"></div>            </figure><p>然后，我们去<a href="https://cdn.bnxb.com" target="_blank" rel="noopener">笨牛网</a>，用刚刚注册的cloudflare账号注册笨牛账号，然后添加域名解析，选择cname解析，把它提供的cname地址填到你的域名服务商那里。像这样：</p><figure class="image-bubble">                <div class="img-lightbox">                    <div class="overlay"></div>                    <img src="https://shop.io.mi-img.com/app/shop/img?id=shop_f2993d4a4716e5111e8824319d60f65e.png" alt="" title="">                </div>                <div class="image-caption"></div>            </figure><p>最后就是选节点了，我们ping一下<a href="https://www.cloudflare.com/zh-cn/ips/" target="_blank" rel="noopener">cloudflare的ip段</a>，找到延时最低，丢包最少的ip，填入域名服务商，增加解析，改一下线路，完美！</p><figure class="image-bubble">                <div class="img-lightbox">                    <div class="overlay"></div>                    <img src="https://shop.io.mi-img.com/app/shop/img?id=shop_bc4f09b3c0053fce9efca207cad4d8c4.png" alt="" title="">                </div>                <div class="image-caption"></div>            </figure><p>好心的我给大家推荐几个不错的ip段：</p><p>162.159.208.4-162.159.208.103</p><p>162.159.209.4-162.159.209.103</p><p>162.159.210.4-162.159.210.103</p><p>162.159.211.4-162.159.211.103</p><p>上面是百度云合作ip段，对电信友好，可以试试。</p><p>172.64.32.*</p><p>141.101.115.*</p><p>上面是cloudflare香港节点，对移动友好，本站就是用的移动ip段。</p><p>设置完ip，你会发现网站还是访问不了。。。那是因为，我忘记了一件关键的事情：去笨牛网添加解析。</p><figure class="image-bubble">                <div class="img-lightbox">                    <div class="overlay"></div>                    <img src="https://shop.io.mi-img.com/app/shop/img?id=shop_49795ca12686cc81e3ae6365b1ba12bb.png" alt="" title="">                </div>                <div class="image-caption"></div>            </figure><p>其中，类型和回源地址根据你的服务器自行修改。</p><p>最后，还可以在笨牛网的自动优化中优化一下，让全站都被cdn缓存。</p><p>接下来，享受飞一般的网站访问速度吧！</p>]]></content>
    
    <summary type="html">
    
      
      
        &lt;p&gt;&lt;a href=&quot;https://stzo.cn&quot;&gt;本站&lt;/a&gt;就是用cloudflare实现访问的，具体可以看我上一篇文章。如果你使用ipv4来访问本站，会发现速度很快，ping值也在50ms左右（我这里）。这速度延时，不像是cloudflare减速器啊！（笑）下面我就来
      
    
    </summary>
    
    
    
  </entry>
  
  <entry>
    <title>记一次破解xtlsoft签到系统（失败）的经历</title>
    <link href="https://blog.stzo.cn/2020/03/30/%E8%AE%B0%E4%B8%80%E6%AC%A1%E7%A0%B4%E8%A7%A3xtlsoft%E7%AD%BE%E5%88%B0%E7%B3%BB%E7%BB%9F%EF%BC%88%E5%A4%B1%E8%B4%A5%EF%BC%89%E7%9A%84%E7%BB%8F%E5%8E%86/"/>
    <id>https://blog.stzo.cn/2020/03/30/%E8%AE%B0%E4%B8%80%E6%AC%A1%E7%A0%B4%E8%A7%A3xtlsoft%E7%AD%BE%E5%88%B0%E7%B3%BB%E7%BB%9F%EF%BC%88%E5%A4%B1%E8%B4%A5%EF%BC%89%E7%9A%84%E7%BB%8F%E5%8E%86/</id>
    <published>2020-03-30T02:24:59.110Z</published>
    <updated>2020-03-31T09:29:08.550Z</updated>
    
    <content type="html"><![CDATA[<p>首先，让<a href="http://signin.xapps.top/" target="_blank" rel="noopener">xtlsoft签到系统</a>隆重登场！</p><figure class="image-bubble">                <div class="img-lightbox">                    <div class="overlay"></div>                    <img src="https://shop.io.mi-img.com/app/shop/img?id=shop_081d5cefac26379da5b230d3c0e37cd5.png" alt="" title="">                </div>                <div class="image-caption"></div>            </figure><p>额。。。</p><p>这个签到系统还有UA检测啊。不过没关系，我们用手机qq的UA来伪装一下。</p><figure class="image-bubble">                <div class="img-lightbox">                    <div class="overlay"></div>                    <img src="https://shop.io.mi-img.com/app/shop/img?id=shop_31c6d53fdd61ebeed67506a710763c57.png" alt="" title="">                </div>                <div class="image-caption"></div>            </figure><p>那么接下来。。。</p><figure class="image-bubble">                <div class="img-lightbox">                    <div class="overlay"></div>                    <img src="https://shop.io.mi-img.com/app/shop/img?id=shop_2db2c661121b99cd27c4340a23c3dba0.png" alt="" title="">                </div>                <div class="image-caption"></div>            </figure><p>知道我要干什么了吧。。。</p><p>但是，太不稳定了，而且我电脑配置太低，卡到爆炸。。。</p><figure class="image-bubble">                <div class="img-lightbox">                    <div class="overlay"></div>                    <img src="https://shop.io.mi-img.com/app/shop/img?id=shop_e9c8a7c87937a100f274c07472058b36.png" alt="" title="">                </div>                <div class="image-caption"></div>            </figure><p>写个脚本，定时运行。。。</p><p>但是！！！</p><figure class="image-bubble">                <div class="img-lightbox">                    <div class="overlay"></div>                    <img src="https://shop.io.mi-img.com/app/shop/img?id=shop_402de385d69492a46e3e01b32dfba107.png" alt="" title="">                </div>                <div class="image-caption"></div>            </figure><p>心惊胆战啊。。。这也太不稳定了。。。</p><p>那我们换一种思路，用php模拟。为了稳定，我一签就是10次。</p><figure class="image-bubble">                <div class="img-lightbox">                    <div class="overlay"></div>                    <img src="https://shop.io.mi-img.com/app/shop/img?id=shop_b8eeaed212a44b84ba39002b17dfdbe0.png" alt="" title="">                </div>                <div class="image-caption"></div>            </figure><p>然后那个签到系统居然加上了cloudflare。。。本来以为加上cookie参数就可以了，结果没成功，不折腾了。</p><p>我们再换一种思路。</p><figure class="image-bubble">                <div class="img-lightbox">                    <div class="overlay"></div>                    <img src="https://shop.io.mi-img.com/app/shop/img?id=shop_e413a06964b828e08221f1923ff1c3a3.png" alt="" title="">                </div>                <div class="image-caption"></div>            </figure><p>本来好好的，没想到，cfuid居然会变。。。</p><p>我也是真的没办法了，那我们退而求其次，定时提醒签到。</p><figure class="image-bubble">                <div class="img-lightbox">                    <div class="overlay"></div>                    <img src="https://shop.io.mi-img.com/app/shop/img?id=shop_4d5661f2310734423182d9ff7afebd78.png" alt="" title="">                </div>                <div class="image-caption"></div>            </figure><p>还加上了serverchan微信推送，加上宝塔定时命令，完美！</p><p>我还写了一个telegram bot推送的版本，稳定运行到现在。</p>]]></content>
    
    <summary type="html">
    
      
      
        &lt;p&gt;首先，让&lt;a href=&quot;http://signin.xapps.top/&quot; target=&quot;_blank&quot; rel=&quot;noopener&quot;&gt;xtlsoft签到系统&lt;/a&gt;隆重登场！&lt;/p&gt;
&lt;figure class=&quot;image-bubble&quot;&gt;
            
      
    
    </summary>
    
    
    
  </entry>
  
</feed>
