{"meta":{"title":"泽","subtitle":"xltz的小博客","description":"xltz的小博客","author":"xltz","url":"https://blog.stzo.cn","root":"/"},"pages":[{"title":"tags","date":"2020-03-30T02:19:13.000Z","updated":"2020-03-30T02:44:16.764Z","comments":true,"path":"tags/index.html","permalink":"https://blog.stzo.cn/tags/index.html","excerpt":"","text":"这些都是我的小伙伴们~~星辰日记源源日记"}],"posts":[{"title":"抽奖第一波","slug":"抽奖第一波","date":"2020-05-01T04:40:53.413Z","updated":"2020-05-01T04:41:00.826Z","comments":true,"path":"2020/05/01/抽奖第一波/","link":"","permalink":"https://blog.stzo.cn/2020/05/01/%E6%8A%BD%E5%A5%96%E7%AC%AC%E4%B8%80%E6%B3%A2/","excerpt":"","text":"抽奖送一个v2ray节点，可能会再送一个eusrv的vps（看我心情）回帖格式：抽奖抽奖随机抽取一个人送出。同一邮箱只能抽奖一次，请确保邮箱正确，中奖后将通过邮箱发送奖品。2020年5月2日中午12：00开奖","categories":[],"tags":[]},{"title":"建了一个tg api代理","slug":"建了一个tg api代理","date":"2020-04-21T07:51:01.030Z","updated":"2020-04-21T07:51:08.535Z","comments":true,"path":"2020/04/21/建了一个tg api代理/","link":"","permalink":"https://blog.stzo.cn/2020/04/21/%E5%BB%BA%E4%BA%86%E4%B8%80%E4%B8%AAtg%20api%E4%BB%A3%E7%90%86/","excerpt":"","text":"最近闲的无聊，建了一个tg api的代理，实现在中国大陆访问tg api，实现bot功能。速度不错，用的cf workers，每天10万次请求，理智使用。网址：https://ss.stzo.cn调用方法：把api.telegram.org替换为ss.stzo.cn即可","categories":[],"tags":[]},{"title":"搭建无限容量goindex","slug":"搭建无限容量goindex","date":"2020-04-19T01:27:31.120Z","updated":"2020-04-19T01:27:38.792Z","comments":true,"path":"2020/04/19/搭建无限容量goindex/","link":"","permalink":"https://blog.stzo.cn/2020/04/19/%E6%90%AD%E5%BB%BA%E6%97%A0%E9%99%90%E5%AE%B9%E9%87%8Fgoindex/","excerpt":"","text":"首先，我们来申请一个无限容量的Google Drive打开这个网站：https://gd.zxd.workers.dev/ 填写信息，然后你就拥有无限容量Google Drive团队盘了。登录你的Google账号，在云端硬盘里找到共享云端硬盘，打开，然后找到地址里的folders后面的一串字符，复制下来。打开https://install.gd.workers.dev/ 获取认证码，把你在上面获得的一串字符填到目录id那一栏，生成代码。去cloudflare新建一个cf worker，把代码粘贴到里面，部署 然后打开xxx(你的worker名字).workers.dev就可以看到你的Google Drive团队盘了。展示一下成品：","categories":[],"tags":[]},{"title":"cmlink英国电话卡","slug":"cmlink英国电话卡","date":"2020-04-01T01:24:57.596Z","updated":"2020-04-01T04:49:01.443Z","comments":true,"path":"2020/04/01/cmlink英国电话卡/","link":"","permalink":"https://blog.stzo.cn/2020/04/01/cmlink%E8%8B%B1%E5%9B%BD%E7%94%B5%E8%AF%9D%E5%8D%A1/","excerpt":"","text":"介意者慎用 申请地址：https://www.cmlink.com/uk/zh/free-sim限定优惠：2020年6月30日前新入网或携号转入成为CMLink用户，您填写的中国移动国内号码，可获赠120元人民币的话费，分6个月赠送。从CMLink卡激活次月起，每月11日前（英国时间）保持号码有有效套餐且状态正常，即可获得当月话费赠送；如号码停机或套餐失效，当月话费赠送取消且不可补赠。该优惠仅适用于订购9.9镑及以上套餐，且2020年6月30日前激活CMLink卡的客户。话费赠送的中国移动国内号码一经填写，不可修改。 服务 资费(英国) 流量 5p/MB CMLink网内的所有电话和短信 免费 + 无限 拨打网外电话和固定电话 8p/分钟 接听电话 免费 发送短信至网外电话及欧盟及指定地区 6p/条 发送短信至中国大陆及香港地区 8p/条 服务 资费(中国) 流量 5p/MB 接听电话 30p/分钟 拨打中国大陆及香港地区电话 2p/分钟 拨打英国电话及留言信箱 30p/分钟 拨打欧盟及指定地区、其它国家及地区*电话 150p/分钟 接收短信 免费 发送短信至英国、欧盟及指定地区、中国大陆、香港地区、其它国家及地区 35p/条 *持此卡在中国大陆上网有惊喜！* 官网还有可选套餐： 有点贵。。。补充：这张卡是不需要实名的，而且快递包邮，博主收到的卡是发的圆通快递，三天左右到。大家看需要购买吧，记住，官网的申请页面提交以后报错是正常的，不要多次尝试，否则。。。就会和博主一样收到三张卡。。。","categories":[],"tags":[]},{"title":"博客迁移到hexo","slug":"博客迁移到hexo","date":"2020-03-31T14:10:50.305Z","updated":"2020-03-31T14:10:58.303Z","comments":true,"path":"2020/03/31/博客迁移到hexo/","link":"","permalink":"https://blog.stzo.cn/2020/03/31/%E5%8D%9A%E5%AE%A2%E8%BF%81%E7%A7%BB%E5%88%B0hexo/","excerpt":"","text":"最近，我把博客从wordpress转向hexo,主要是因为hexo拥有wordpress无法匹敌的轻量性，而且纯静态博客，性能更好。其实文章写起来都差不多，都是markdown.（还有我感觉hexo的indigo主题比较好看）首先，安装hexo环境，可以去hexo官网，里面有详细的教程。 打开git工具，输入： 1hexo g 来生成静态文件，在public目录底下，直接把public目录底下的文件上传到服务器就好了。当然，hexo也提供本地测试： 1hexo server 然后访问http://localhost:4000就可以看到你的博客了。插件什么的，大家可以自由添加，实现评论，统计等等。放张成品图： 漂亮吧！至于indigo主题不自带友情链接的问题。。。我直接把tags页面改成了友情链接页面emmm。。。","categories":[],"tags":[]},{"title":"免费获取cloudflare pro","slug":"免费获取cloudflare pro","date":"2020-03-30T06:45:22.251Z","updated":"2020-03-31T22:36:53.221Z","comments":true,"path":"2020/03/30/免费获取cloudflare pro/","link":"","permalink":"https://blog.stzo.cn/2020/03/30/%E5%85%8D%E8%B4%B9%E8%8E%B7%E5%8F%96cloudflare%20pro/","excerpt":"","text":"记住，低调，低调，低调！ 这是cloudflare pro在官网的定价： 先来看看cloudflare pro有什么优点： 据说可以用专业版节点，没有实测，反正比免费版好就是了。 最近看到很多人去抢ion的wordpress空间，就为了cloudflare pro，缺货后还不惜花钱去买。。。 我给大家分享另一个能免费获取cloudflare pro的网站：bearhosting 而且似乎是cloudflare pro（plus）（虽然不知道plus有什么用） 进入plesk面板，选择ServerShield by Cloudflare： 然后登陆cloudflare账号，选择域名，然后你的域名就是cloudflare pro计划了。这家有两种面板，只有plesk面板才有cf pro，法国节点加上cf的加速，国内访问不错。美国节点本身在中国的访问速度就很好。","categories":[],"tags":[]},{"title":"如何优化cloudflare访问速度","slug":"如何优化cloudflare访问速度","date":"2020-03-30T06:09:40.968Z","updated":"2020-03-31T09:34:00.838Z","comments":true,"path":"2020/03/30/如何优化cloudflare访问速度/","link":"","permalink":"https://blog.stzo.cn/2020/03/30/%E5%A6%82%E4%BD%95%E4%BC%98%E5%8C%96cloudflare%E8%AE%BF%E9%97%AE%E9%80%9F%E5%BA%A6/","excerpt":"","text":"本站就是用cloudflare实现访问的，具体可以看我上一篇文章。如果你使用ipv4来访问本站，会发现速度很快，ping值也在50ms左右（我这里）。这速度延时，不像是cloudflare减速器啊！（笑）下面我就来说说怎么实现加速。 首先，我们要在cloudflare官网注册一个账号： 然后，我们去笨牛网，用刚刚注册的cloudflare账号注册笨牛账号，然后添加域名解析，选择cname解析，把它提供的cname地址填到你的域名服务商那里。像这样： 最后就是选节点了，我们ping一下cloudflare的ip段，找到延时最低，丢包最少的ip，填入域名服务商，增加解析，改一下线路，完美！ 好心的我给大家推荐几个不错的ip段： 162.159.208.4-162.159.208.103 162.159.209.4-162.159.209.103 162.159.210.4-162.159.210.103 162.159.211.4-162.159.211.103 上面是百度云合作ip段，对电信友好，可以试试。 172.64.32.* 141.101.115.* 上面是cloudflare香港节点，对移动友好，本站就是用的移动ip段。 设置完ip，你会发现网站还是访问不了。。。那是因为，我忘记了一件关键的事情：去笨牛网添加解析。 其中，类型和回源地址根据你的服务器自行修改。 最后，还可以在笨牛网的自动优化中优化一下，让全站都被cdn缓存。 接下来，享受飞一般的网站访问速度吧！","categories":[],"tags":[]},{"title":"记一次破解xtlsoft签到系统（失败）的经历","slug":"记一次破解xtlsoft签到系统（失败）的经历","date":"2020-03-30T02:24:59.110Z","updated":"2020-03-31T09:29:08.550Z","comments":true,"path":"2020/03/30/记一次破解xtlsoft签到系统（失败）的经历/","link":"","permalink":"https://blog.stzo.cn/2020/03/30/%E8%AE%B0%E4%B8%80%E6%AC%A1%E7%A0%B4%E8%A7%A3xtlsoft%E7%AD%BE%E5%88%B0%E7%B3%BB%E7%BB%9F%EF%BC%88%E5%A4%B1%E8%B4%A5%EF%BC%89%E7%9A%84%E7%BB%8F%E5%8E%86/","excerpt":"","text":"首先，让xtlsoft签到系统隆重登场！ 额。。。 这个签到系统还有UA检测啊。不过没关系，我们用手机qq的UA来伪装一下。 那么接下来。。。 知道我要干什么了吧。。。 但是，太不稳定了，而且我电脑配置太低，卡到爆炸。。。 写个脚本，定时运行。。。 但是！！！ 心惊胆战啊。。。这也太不稳定了。。。 那我们换一种思路，用php模拟。为了稳定，我一签就是10次。 然后那个签到系统居然加上了cloudflare。。。本来以为加上cookie参数就可以了，结果没成功，不折腾了。 我们再换一种思路。 本来好好的，没想到，cfuid居然会变。。。 我也是真的没办法了，那我们退而求其次，定时提醒签到。 还加上了serverchan微信推送，加上宝塔定时命令，完美！ 我还写了一个telegram bot推送的版本，稳定运行到现在。","categories":[],"tags":[]}],"categories":[],"tags":[]}