{"meta":{"version":1,"warehouse":"3.0.2"},"models":{"Asset":[{"_id":"themes/indigo/source/css/style.less","path":"css/style.less","modified":0,"renderable":1},{"_id":"themes/indigo/source/img/avatar.jpg","path":"img/avatar.jpg","modified":0,"renderable":1},{"_id":"themes/indigo/source/img/brand.jpg","path":"img/brand.jpg","modified":0,"renderable":1},{"_id":"themes/indigo/source/img/cc.png","path":"img/cc.png","modified":0,"renderable":1},{"_id":"themes/indigo/source/img/img-loading.png","path":"img/img-loading.png","modified":0,"renderable":1},{"_id":"themes/indigo/source/img/img-err.png","path":"img/img-err.png","modified":0,"renderable":1},{"_id":"themes/indigo/source/js/main.js","path":"js/main.js","modified":0,"renderable":1},{"_id":"themes/indigo/source/js/main.min.js","path":"js/main.min.js","modified":0,"renderable":1},{"_id":"themes/indigo/source/js/search.js","path":"js/search.js","modified":0,"renderable":1},{"_id":"themes/indigo/source/js/search.min.js","path":"js/search.min.js","modified":0,"renderable":1},{"_id":"themes/indigo/source/css/fonts/roboto/Roboto-Bold.eot","path":"css/fonts/roboto/Roboto-Bold.eot","modified":0,"renderable":1},{"_id":"themes/indigo/source/css/fonts/roboto/Roboto-Bold.woff2","path":"css/fonts/roboto/Roboto-Bold.woff2","modified":0,"renderable":1},{"_id":"themes/indigo/source/css/fonts/roboto/Roboto-Light.eot","path":"css/fonts/roboto/Roboto-Light.eot","modified":0,"renderable":1},{"_id":"themes/indigo/source/css/fonts/roboto/Roboto-Light.woff","path":"css/fonts/roboto/Roboto-Light.woff","modified":0,"renderable":1},{"_id":"themes/indigo/source/css/fonts/roboto/Roboto-Light.woff2","path":"css/fonts/roboto/Roboto-Light.woff2","modified":0,"renderable":1},{"_id":"themes/indigo/source/css/fonts/roboto/Roboto-Medium.eot","path":"css/fonts/roboto/Roboto-Medium.eot","modified":0,"renderable":1},{"_id":"themes/indigo/source/css/fonts/roboto/Roboto-Medium.woff2","path":"css/fonts/roboto/Roboto-Medium.woff2","modified":0,"renderable":1},{"_id":"themes/indigo/source/css/fonts/roboto/Roboto-Regular.eot","path":"css/fonts/roboto/Roboto-Regular.eot","modified":0,"renderable":1},{"_id":"themes/indigo/source/css/fonts/roboto/Roboto-Regular.woff","path":"css/fonts/roboto/Roboto-Regular.woff","modified":0,"renderable":1},{"_id":"themes/indigo/source/css/fonts/roboto/Roboto-Regular.woff2","path":"css/fonts/roboto/Roboto-Regular.woff2","modified":0,"renderable":1},{"_id":"themes/indigo/source/css/fonts/roboto/Roboto-Thin.eot","path":"css/fonts/roboto/Roboto-Thin.eot","modified":0,"renderable":1},{"_id":"themes/indigo/source/css/fonts/roboto/Roboto-Thin.woff","path":"css/fonts/roboto/Roboto-Thin.woff","modified":0,"renderable":1},{"_id":"themes/indigo/source/css/fonts/roboto/Roboto-Thin.woff2","path":"css/fonts/roboto/Roboto-Thin.woff2","modified":0,"renderable":1},{"_id":"themes/indigo/source/css/fonts/fontawesome/fontawesome-webfont.woff","path":"css/fonts/fontawesome/fontawesome-webfont.woff","modified":0,"renderable":1},{"_id":"themes/indigo/source/css/fonts/fontawesome/fontawesome-webfont.woff2","path":"css/fonts/fontawesome/fontawesome-webfont.woff2","modified":0,"renderable":1},{"_id":"themes/indigo/source/css/fonts/roboto/Roboto-Bold.woff","path":"css/fonts/roboto/Roboto-Bold.woff","modified":0,"renderable":1},{"_id":"themes/indigo/source/css/fonts/roboto/Roboto-Medium.woff","path":"css/fonts/roboto/Roboto-Medium.woff","modified":0,"renderable":1},{"_id":"themes/indigo/source/css/fonts/roboto/Roboto-Regular.ttf","path":"css/fonts/roboto/Roboto-Regular.ttf","modified":0,"renderable":1},{"_id":"themes/indigo/source/css/fonts/fontawesome/FontAwesome.otf","path":"css/fonts/fontawesome/FontAwesome.otf","modified":0,"renderable":1},{"_id":"themes/indigo/source/css/fonts/fontawesome/fontawesome-webfont.eot","path":"css/fonts/fontawesome/fontawesome-webfont.eot","modified":0,"renderable":1},{"_id":"themes/indigo/source/css/fonts/fontawesome/fontawesome-webfont.ttf","path":"css/fonts/fontawesome/fontawesome-webfont.ttf","modified":0,"renderable":1},{"_id":"themes/indigo/source/css/fonts/roboto/Roboto-Bold.ttf","path":"css/fonts/roboto/Roboto-Bold.ttf","modified":0,"renderable":1},{"_id":"themes/indigo/source/css/fonts/roboto/Roboto-Light.ttf","path":"css/fonts/roboto/Roboto-Light.ttf","modified":0,"renderable":1},{"_id":"themes/indigo/source/css/fonts/roboto/Roboto-Medium.ttf","path":"css/fonts/roboto/Roboto-Medium.ttf","modified":0,"renderable":1},{"_id":"themes/indigo/source/css/fonts/roboto/Roboto-Thin.ttf","path":"css/fonts/roboto/Roboto-Thin.ttf","modified":0,"renderable":1},{"_id":"themes/indigo/source/css/fonts/fontawesome/fontawesome-webfont.svg","path":"css/fonts/fontawesome/fontawesome-webfont.svg","modified":0,"renderable":1}],"Cache":[{"_id":"themes/indigo/.editorconfig","hash":"9b0445427777519defe360ea38c61729d847b3d3","modified":1511116442000},{"_id":"themes/indigo/LICENSE","hash":"24944bf7920108f5a4790e6071c32e9102760c37","modified":1511116442000},{"_id":"themes/indigo/README.md","hash":"b188fb95a9c16eb188eeffa6caa0895a14676338","modified":1511116442000},{"_id":"themes/indigo/_config.yml","hash":"41e1e657f0a082ec12d2a73fe21e76b9b9a97c7e","modified":1585892605286},{"_id":"themes/indigo/package.json","hash":"1e68f8a243aa789452f6b1bafb7bad1295cb74a7","modified":1511116442000},{"_id":"source/_posts/cmlink英国电话卡.md","hash":"a8d7f98e263f644316f2ed79ef639e7a6a103465","modified":1585716541443},{"_id":"source/_posts/免费获取cloudflare pro.md","hash":"cd484490ef52e3494b511156f1df250924467eb0","modified":1585694213221},{"_id":"source/_posts/博客迁移到hexo.md","hash":"9fdc27b6c58a5ec7409470e7c0ff6c04118f478a","modified":1585663858303},{"_id":"source/_posts/如何优化cloudflare访问速度.md","hash":"f0fa7e12745a7375acfe5f4c554406ecc5961a92","modified":1585647240838},{"_id":"source/_posts/记一次破解xtlsoft签到系统（失败）的经历.md","hash":"d7f2e80a7db97447a6724c6bf632247f14a019d0","modified":1585646948550},{"_id":"source/tags/index.md","hash":"87c538454698f57aa499b53f8f22783935f5a234","modified":1585536256764},{"_id":"themes/indigo/languages/en.yml","hash":"1957d2bfc3a4cef299f4f169b431e9b1128ba162","modified":1511116442000},{"_id":"themes/indigo/languages/zh-CN.yml","hash":"7dc6ae434dde390b6768d244132e23cc78c33817","modified":1511116442000},{"_id":"themes/indigo/languages/zh-TW.yml","hash":"6a9e820be66eb12ae746f2527e0dc1adf927c685","modified":1511116442000},{"_id":"themes/indigo/layout/archive.ejs","hash":"d039719e21f6a6fa2925b00aaa623a180a78c818","modified":1511116442000},{"_id":"themes/indigo/layout/categories.ejs","hash":"41783d2069d5080566a99e6312aa2113105f8b41","modified":1511116442000},{"_id":"themes/indigo/layout/category.ejs","hash":"7ea26a8a935886963eda82f41c7bd5270cf780d9","modified":1511116442000},{"_id":"themes/indigo/layout/index.ejs","hash":"39477807b98b2d2df78f3b82498a11e90be8222c","modified":1511116442000},{"_id":"themes/indigo/layout/layout.ejs","hash":"d52f43fa9572d70cae834e4887c8897b43744805","modified":1511116442000},{"_id":"themes/indigo/layout/page.ejs","hash":"afb98face24d39a21ebbbde6592a9afc98572aa4","modified":1511116442000},{"_id":"themes/indigo/layout/post.ejs","hash":"afbf8532dc8d148ca4dff2ca127a3382907cf2f5","modified":1511116442000},{"_id":"themes/indigo/layout/tag.ejs","hash":"36786a3de7f6cad58209603f7d84ba23addea174","modified":1511116442000},{"_id":"themes/indigo/layout/tags.ejs","hash":"20466446c41409d14a3d42ccaec24a65a045efef","modified":1511116442000},{"_id":"themes/indigo/scripts/plugins.js","hash":"e439d717513616bedeed37ba9b05117470809b21","modified":1585892650839},{"_id":"themes/indigo/layout/_partial/after-footer.ejs","hash":"9ac30b9439fab69973cf4722dbf2945a18fd3804","modified":1511116442000},{"_id":"themes/indigo/layout/_partial/archive.ejs","hash":"55cd81ef9183426d6d99fd91550fce0a9cc92aa0","modified":1511116442000},{"_id":"themes/indigo/layout/_partial/footer.ejs","hash":"484cd5b93705be7c56e7e5076a0b72fc2fe9836c","modified":1585700105433},{"_id":"themes/indigo/layout/_partial/head.ejs","hash":"b197b87b120b09b68aa3d79954ed039816a88664","modified":1511116442000},{"_id":"themes/indigo/layout/_partial/header.ejs","hash":"6156bf20791e46fc1c5872113276c1c1f5c13773","modified":1511116442000},{"_id":"themes/indigo/layout/_partial/index-item.ejs","hash":"ec7b3ec79bbbead9c7e43e2e6c6b5c8bef509410","modified":1511116442000},{"_id":"themes/indigo/layout/_partial/loading.ejs","hash":"bc4cb19b20de55a0332647f4dca9684184383685","modified":1511116442000},{"_id":"themes/indigo/layout/_partial/menu.ejs","hash":"d39afaad6b0dd2a3ae27e6db3e9a6cd6014622fa","modified":1511116442000},{"_id":"themes/indigo/layout/_partial/paginator.ejs","hash":"dc27242927890f130a64400596b9b7ad5fca8972","modified":1511116442000},{"_id":"themes/indigo/layout/_partial/post.ejs","hash":"a87d9b0485b3bf4cdfdad890e5974c43dbaa8240","modified":1511116442000},{"_id":"themes/indigo/layout/_partial/script.ejs","hash":"dcfb6b10d4544ba2a8a956c406f96887aa8b9104","modified":1585781298515},{"_id":"themes/indigo/layout/_partial/search.ejs","hash":"c2091c621b5480ef1e69d72027028cec8e929892","modified":1511116442000},{"_id":"themes/indigo/layout/_partial/tags-bar.ejs","hash":"19eff4876d31080a427644f7a43fe172d0c008c6","modified":1511116442000},{"_id":"themes/indigo/source/css/style.less","hash":"3e151cd162e8af87d7ca90e3067f7bd99a25f823","modified":1511116442000},{"_id":"themes/indigo/source/img/avatar.jpg","hash":"77a9f8c828f80ccd0f64be2e412349565021114e","modified":1585551876978},{"_id":"themes/indigo/source/img/brand.jpg","hash":"0e237f1b433851c156e1f1cdaeb044054b3b9879","modified":1511116442000},{"_id":"themes/indigo/source/img/cc.png","hash":"ebce75a62b40976a72d43f0bd937d859ac24d87c","modified":1511116442000},{"_id":"themes/indigo/source/img/img-loading.png","hash":"a9cd5cd11866824f31e3d1c5e23badfeb3f73031","modified":1511116442000},{"_id":"themes/indigo/source/img/img-err.png","hash":"23a63ea26eb3c1d5e677d9883cf36cc1a1a1228b","modified":1511116442000},{"_id":"themes/indigo/source/js/main.js","hash":"411836a39a01be178e7bba14f8959b6949488de9","modified":1511116442000},{"_id":"themes/indigo/source/js/main.min.js","hash":"70652f94832de4801ffe80bf59d09265ac84599f","modified":1511116442000},{"_id":"themes/indigo/source/js/search.js","hash":"a1de7e7a2ef8330ebcd9f3a7a4622b3bac44e4f3","modified":1511116442000},{"_id":"themes/indigo/source/js/search.min.js","hash":"a8a450bb8b1ca9ad577052addcbd3393f1af6c6a","modified":1511116442000},{"_id":"themes/indigo/layout/_partial/plugins/baidu.ejs","hash":"e44d526029f122e9c2c74f3a647c35002c818cbe","modified":1511116442000},{"_id":"themes/indigo/layout/_partial/plugins/disqus.ejs","hash":"4a0c01e4195f685f9825fcd016d01249dbdd52ca","modified":1511116442000},{"_id":"themes/indigo/layout/_partial/plugins/dynamic-title.ejs","hash":"23c101d45911eb0846533aaa2d409c43aa5e899a","modified":1511116442000},{"_id":"themes/indigo/layout/_partial/plugins/gitment.ejs","hash":"5723d507eca4390e8e5d18c0770e7953b8c22f5a","modified":1511116442000},{"_id":"themes/indigo/layout/_partial/plugins/google-analytics.ejs","hash":"a947f4076b54b48d4df5baf2d5b3c39b632c7576","modified":1511116442000},{"_id":"themes/indigo/layout/_partial/plugins/mathjax.ejs","hash":"ea603a057196de53bd6afab1fddb93d11f27eb81","modified":1511116442000},{"_id":"themes/indigo/layout/_partial/plugins/page-visit.ejs","hash":"2decb77bf3c1a064ea6ce1d4e78892c434d9c884","modified":1511116442000},{"_id":"themes/indigo/layout/_partial/plugins/site-visit.ejs","hash":"8fbd0910828f1ab6eba728bdecc9811d623baae2","modified":1511116442000},{"_id":"themes/indigo/layout/_partial/plugins/tajs.ejs","hash":"97b48fe10be1c71d4ff25ccec3bd92d97466c9c5","modified":1511116442000},{"_id":"themes/indigo/layout/_partial/plugins/uyan.ejs","hash":"e370bd04ea5cf1c83e0c20516aff7ba3ca8b2d0b","modified":1511116442000},{"_id":"themes/indigo/layout/_partial/plugins/valine.ejs","hash":"ac111178347681432d2459a11ec8d6dd76342322","modified":1585797945863},{"_id":"themes/indigo/layout/_partial/post/category.ejs","hash":"c7476165721a3a5e34d00d8c5c07e1e5474cd800","modified":1511116442000},{"_id":"themes/indigo/layout/_partial/post/comment.ejs","hash":"f2c6a55a88ce694b44c46c8322293172afc00255","modified":1511116442000},{"_id":"themes/indigo/layout/_partial/post/copyright.ejs","hash":"968b27ca952d01b066cfe49fb670faf177d6b67e","modified":1511116442000},{"_id":"themes/indigo/layout/_partial/post/head-meta.ejs","hash":"b0c680ce5b8aaf461a6731b1ff1287bd140c168a","modified":1511116442000},{"_id":"themes/indigo/layout/_partial/post/date.ejs","hash":"ea85b46e12d3b9c3612eef7aa76289a663fbc096","modified":1511116442000},{"_id":"themes/indigo/layout/_partial/post/nav.ejs","hash":"11e7d504f7c7a3c4c052da13cfa8ea4862c9383e","modified":1511116442000},{"_id":"themes/indigo/layout/_partial/post/reward-btn.ejs","hash":"41c242fe3159dc68cec8dd00ab6d2663f5a51179","modified":1511116442000},{"_id":"themes/indigo/layout/_partial/post/reward.ejs","hash":"23719e09689b3afbb19214c6603eb02f896cb9ba","modified":1511116442000},{"_id":"themes/indigo/layout/_partial/post/share-fab.ejs","hash":"93482ad7d1e01b966f5ee1c5d12b88564e02b349","modified":1511116442000},{"_id":"themes/indigo/layout/_partial/post/share.ejs","hash":"8df0d7bf6f8e106cdbdac2dd10a97367aa0695f8","modified":1511116442000},{"_id":"themes/indigo/layout/_partial/post/tag.ejs","hash":"b3dc38652c4a018a37418136478dcd522fc49f79","modified":1511116442000},{"_id":"themes/indigo/layout/_partial/post/title.ejs","hash":"062d56cb88ae2be3a6616b911d4ebeffcbfe3cff","modified":1511116442000},{"_id":"themes/indigo/layout/_partial/post/toc.ejs","hash":"b6123e895c16ace651f1832281ff655776d4068c","modified":1511116442000},{"_id":"themes/indigo/layout/_partial/post/updated.ejs","hash":"5caa71745aa340ce57938a930f3b898ee7518d74","modified":1511116442000},{"_id":"themes/indigo/source/css/_partial/archives.less","hash":"7d2a6886265386c640e94ffca3f042675f701a35","modified":1511116442000},{"_id":"themes/indigo/source/css/_partial/article.less","hash":"4ea7ef6dc47a3df8d31bac4bdf83c17d4161f593","modified":1511116442000},{"_id":"themes/indigo/source/css/_partial/gotop.less","hash":"b7db31b9bc563c10b9e3cf3e6d9cfddfeb3e805a","modified":1511116442000},{"_id":"themes/indigo/source/css/_partial/highlight.less","hash":"58492b7cdb45fe09b026b2f34e8ae69c2ddb8228","modified":1511116442000},{"_id":"themes/indigo/source/css/_partial/header.less","hash":"90f0948a9182c14b1dac1e9dbed3c883543266f9","modified":1511116442000},{"_id":"themes/indigo/source/css/_partial/layout.less","hash":"4390ed22abad59c8b28ed1a479a52f15b5f9cf4a","modified":1511116442000},{"_id":"themes/indigo/source/css/_partial/lightbox.less","hash":"9b961eb1d70e7658f42cf2ca895fa5e35a6b6541","modified":1511116442000},{"_id":"themes/indigo/source/css/_partial/loading.less","hash":"f9d06a1e24fb4857fd18d7a0bfbb3a0ab2d1c742","modified":1511116442000},{"_id":"themes/indigo/source/css/_partial/page.less","hash":"e92ccb53e6ac73a51498c6a9672db9d0d2bc7f1a","modified":1511116442000},{"_id":"themes/indigo/source/css/_partial/postlist.less","hash":"1c041bf91106808e5480c60d9ece45431bb503b3","modified":1511116442000},{"_id":"themes/indigo/source/css/_partial/reward.less","hash":"4857f90bb57fc22ca3f942d8934d86d5e9e82c1e","modified":1511116442000},{"_id":"themes/indigo/source/css/_partial/roboto.less","hash":"2e0469ed8161d5672d903ca1a8027cd65fe007f1","modified":1511116442000},{"_id":"themes/indigo/source/css/_partial/search.less","hash":"1d6641ae7568a0153d24beba9fd9704d2b155f6c","modified":1511116442000},{"_id":"themes/indigo/source/css/_partial/share.less","hash":"27d80bcc96a53dd1e7eaa9a7d746e4b212357302","modified":1511116442000},{"_id":"themes/indigo/source/css/_partial/tags.less","hash":"959f4373fda6e45f6a4041a995ed3ea8a05a5170","modified":1511116442000},{"_id":"themes/indigo/source/css/_partial/variable.less","hash":"082896b966ed25b39c74e7b007b4f54c235685a4","modified":1511116442000},{"_id":"themes/indigo/source/css/_partial/waves.less","hash":"77bfd0b373b0469eb0176167fb076ccda4edf2a7","modified":1511116442000},{"_id":"themes/indigo/source/css/_partial/fontawesome.less","hash":"ca30b732d2efbb0cd55a272ecdabc97f895aee78","modified":1511116442000},{"_id":"themes/indigo/source/css/fonts/roboto/Roboto-Bold.eot","hash":"a76cd602f5188b9fbd4ba7443dcb9c064e3dbf10","modified":1511116442000},{"_id":"themes/indigo/source/css/fonts/roboto/Roboto-Bold.woff2","hash":"933b866d09c2b087707a98dab64b3888865eeb96","modified":1511116442000},{"_id":"themes/indigo/source/css/fonts/roboto/Roboto-Light.eot","hash":"42fe156996197e5eb0c0264c5d1bb3b4681f4595","modified":1511116442000},{"_id":"themes/indigo/source/css/fonts/roboto/Roboto-Light.woff","hash":"6300f659be9e834ab263efe2fb3c581d48b1e7b2","modified":1511116442000},{"_id":"themes/indigo/source/css/fonts/roboto/Roboto-Light.woff2","hash":"bbdc28b887400fcb340b504ec2904993af42a5d7","modified":1511116442000},{"_id":"themes/indigo/source/css/fonts/roboto/Roboto-Medium.eot","hash":"1517f4b6e1c5d0e5198f937557253aac8fab0416","modified":1511116442000},{"_id":"themes/indigo/source/css/fonts/roboto/Roboto-Medium.woff2","hash":"6cc1b73571af9e827c4e7e91418f476703cd4c4b","modified":1511116442000},{"_id":"themes/indigo/source/css/fonts/roboto/Roboto-Regular.eot","hash":"77ae3e980ec03863ebe2587a8ef9ddfd06941db0","modified":1511116442000},{"_id":"themes/indigo/source/css/fonts/roboto/Roboto-Regular.woff","hash":"74734dde8d94e7268170f9b994dedfbdcb5b3a15","modified":1511116442000},{"_id":"themes/indigo/source/css/fonts/roboto/Roboto-Regular.woff2","hash":"ed1558b0541f5e01ce48c7db1588371b990eec19","modified":1511116442000},{"_id":"themes/indigo/source/css/fonts/roboto/Roboto-Thin.eot","hash":"0790a51a848dbe7292c98f9d0459218bf1a8ffdd","modified":1511116442000},{"_id":"themes/indigo/source/css/fonts/roboto/Roboto-Thin.woff","hash":"fbc3e71d456c96667d8082ab910e3946ef89240b","modified":1511116442000},{"_id":"themes/indigo/source/css/fonts/roboto/Roboto-Thin.woff2","hash":"2449e3dac5ddb7c3da8bb07450493b62d052758c","modified":1511116442000},{"_id":"themes/indigo/source/css/fonts/fontawesome/fontawesome-webfont.woff","hash":"28b782240b3e76db824e12c02754a9731a167527","modified":1511116442000},{"_id":"themes/indigo/source/css/fonts/fontawesome/fontawesome-webfont.woff2","hash":"d6f48cba7d076fb6f2fd6ba993a75b9dc1ecbf0c","modified":1511116442000},{"_id":"themes/indigo/source/css/fonts/roboto/Roboto-Bold.woff","hash":"ee99cd87a59a9a5d4092c83232bb3eec67547425","modified":1511116442000},{"_id":"themes/indigo/source/css/fonts/roboto/Roboto-Medium.woff","hash":"d45f84922131364989ad6578c7a06b6b4fc22c34","modified":1511116442000},{"_id":"themes/indigo/source/css/fonts/roboto/Roboto-Regular.ttf","hash":"824b5480c977a8166e177e5357d13164ccc45f47","modified":1511116442000},{"_id":"themes/indigo/source/css/fonts/fontawesome/FontAwesome.otf","hash":"048707bc52ac4b6563aaa383bfe8660a0ddc908c","modified":1511116442000},{"_id":"themes/indigo/source/css/fonts/fontawesome/fontawesome-webfont.eot","hash":"d980c2ce873dc43af460d4d572d441304499f400","modified":1511116442000},{"_id":"themes/indigo/source/css/fonts/fontawesome/fontawesome-webfont.ttf","hash":"13b1eab65a983c7a73bc7997c479d66943f7c6cb","modified":1511116442000},{"_id":"themes/indigo/source/css/fonts/roboto/Roboto-Bold.ttf","hash":"47327df0f35e7cd7c8645874897a7449697544ae","modified":1511116442000},{"_id":"themes/indigo/source/css/fonts/roboto/Roboto-Light.ttf","hash":"e321c183e2b75ee19813892b7bac8d7c411cb88a","modified":1511116442000},{"_id":"themes/indigo/source/css/fonts/roboto/Roboto-Medium.ttf","hash":"6060ca726b9760b76f7c347dce9d2fa1fe42ec92","modified":1511116442000},{"_id":"themes/indigo/source/css/fonts/roboto/Roboto-Thin.ttf","hash":"173ed64528b4d010a76d8d38deb1d7e7eed58eda","modified":1511116442000},{"_id":"themes/indigo/source/css/fonts/fontawesome/fontawesome-webfont.svg","hash":"98a8aa5cf7d62c2eff5f07ede8d844b874ef06ed","modified":1511116442000},{"_id":"public/baidusitemap.xml","hash":"1bec049211fc1d7efb713605f235a8f14f53633d","modified":1588308224981},{"_id":"public/sitemap.xml","hash":"4f4a4a20ce11dfbd90a31dae485f0617c611e771","modified":1588308224981},{"_id":"public/content.json","hash":"57cf03ed33b778f36cc95ab5f24a3971c06f7ea1","modified":1588308224981},{"_id":"public/atom.xml","hash":"125614ab7991dc281f33a3b0c69748ab436ec31e","modified":1588308224981},{"_id":"public/tags/index.html","hash":"a948a82c935d0a70bac20f366b83366ffe20df52","modified":1586040467468},{"_id":"public/archives/index.html","hash":"9531e39491a31235cf05db79d212c3699e611b12","modified":1588308224981},{"_id":"public/2020/04/01/cmlink英国电话卡/index.html","hash":"34ace3ea2ab9b61615b586f2d5c5d66198102d69","modified":1587259757534},{"_id":"public/2020/03/31/博客迁移到hexo/index.html","hash":"25de2d487e16ddfe0f75a68ed2949b3d2e28696a","modified":1586040467468},{"_id":"public/2020/03/30/记一次破解xtlsoft签到系统（失败）的经历/index.html","hash":"cf8ae6e92f9c77e777bd58a46d2e84e056b3f502","modified":1586040467468},{"_id":"public/2020/03/30/免费获取cloudflare pro/index.html","hash":"8487d8af9936049fa80b857df2c1383d20349239","modified":1586040467468},{"_id":"public/2020/03/30/如何优化cloudflare访问速度/index.html","hash":"8b4356d75ec4a2a9ffe265ab5c8ba2ba8f23b746","modified":1586040467468},{"_id":"public/archives/2020/index.html","hash":"07356cf89b9a7cc138a1119e889706fc377c68c3","modified":1588308224981},{"_id":"public/archives/2020/03/index.html","hash":"0823f9f32c33eceafdfe54c78fc2062ba0e845b2","modified":1586040467468},{"_id":"public/archives/2020/04/index.html","hash":"91c9737d8db8113945c605b4d99812e3cb3f70dd","modified":1587455513164},{"_id":"public/index.html","hash":"5867ae5e2b9ddf72603fb64691578c59e293c704","modified":1588308224981},{"_id":"public/img/avatar.jpg","hash":"77a9f8c828f80ccd0f64be2e412349565021114e","modified":1585893719085},{"_id":"public/img/brand.jpg","hash":"0e237f1b433851c156e1f1cdaeb044054b3b9879","modified":1585893719085},{"_id":"public/img/cc.png","hash":"ebce75a62b40976a72d43f0bd937d859ac24d87c","modified":1585893719085},{"_id":"public/img/img-loading.png","hash":"a9cd5cd11866824f31e3d1c5e23badfeb3f73031","modified":1585893719085},{"_id":"public/img/img-err.png","hash":"23a63ea26eb3c1d5e677d9883cf36cc1a1a1228b","modified":1585893719085},{"_id":"public/css/fonts/roboto/Roboto-Light.eot","hash":"42fe156996197e5eb0c0264c5d1bb3b4681f4595","modified":1585893719085},{"_id":"public/css/fonts/roboto/Roboto-Regular.eot","hash":"77ae3e980ec03863ebe2587a8ef9ddfd06941db0","modified":1585893719085},{"_id":"public/css/fonts/roboto/Roboto-Thin.eot","hash":"0790a51a848dbe7292c98f9d0459218bf1a8ffdd","modified":1585893719085},{"_id":"public/css/fonts/roboto/Roboto-Thin.woff","hash":"fbc3e71d456c96667d8082ab910e3946ef89240b","modified":1585893719085},{"_id":"public/css/fonts/roboto/Roboto-Thin.woff2","hash":"2449e3dac5ddb7c3da8bb07450493b62d052758c","modified":1585893719085},{"_id":"public/css/fonts/roboto/Roboto-Medium.woff","hash":"d45f84922131364989ad6578c7a06b6b4fc22c34","modified":1585893719085},{"_id":"public/css/fonts/roboto/Roboto-Bold.eot","hash":"a76cd602f5188b9fbd4ba7443dcb9c064e3dbf10","modified":1585893719085},{"_id":"public/css/fonts/roboto/Roboto-Bold.woff2","hash":"933b866d09c2b087707a98dab64b3888865eeb96","modified":1585893719085},{"_id":"public/css/fonts/roboto/Roboto-Light.woff2","hash":"bbdc28b887400fcb340b504ec2904993af42a5d7","modified":1585893719085},{"_id":"public/css/fonts/roboto/Roboto-Light.woff","hash":"6300f659be9e834ab263efe2fb3c581d48b1e7b2","modified":1585893719085},{"_id":"public/css/fonts/roboto/Roboto-Medium.eot","hash":"1517f4b6e1c5d0e5198f937557253aac8fab0416","modified":1585893719085},{"_id":"public/css/fonts/roboto/Roboto-Medium.woff2","hash":"6cc1b73571af9e827c4e7e91418f476703cd4c4b","modified":1585893719085},{"_id":"public/css/fonts/roboto/Roboto-Regular.woff","hash":"74734dde8d94e7268170f9b994dedfbdcb5b3a15","modified":1585893719085},{"_id":"public/css/fonts/roboto/Roboto-Regular.woff2","hash":"ed1558b0541f5e01ce48c7db1588371b990eec19","modified":1585893719085},{"_id":"public/css/fonts/fontawesome/fontawesome-webfont.woff2","hash":"d6f48cba7d076fb6f2fd6ba993a75b9dc1ecbf0c","modified":1585893719085},{"_id":"public/css/fonts/roboto/Roboto-Bold.woff","hash":"ee99cd87a59a9a5d4092c83232bb3eec67547425","modified":1585893719085},{"_id":"public/css/fonts/roboto/Roboto-Regular.ttf","hash":"824b5480c977a8166e177e5357d13164ccc45f47","modified":1585893719085},{"_id":"public/css/fonts/roboto/Roboto-Light.ttf","hash":"e321c183e2b75ee19813892b7bac8d7c411cb88a","modified":1585893719085},{"_id":"public/css/fonts/roboto/Roboto-Bold.ttf","hash":"47327df0f35e7cd7c8645874897a7449697544ae","modified":1585893719085},{"_id":"public/css/fonts/roboto/Roboto-Medium.ttf","hash":"6060ca726b9760b76f7c347dce9d2fa1fe42ec92","modified":1585893719085},{"_id":"public/css/fonts/roboto/Roboto-Thin.ttf","hash":"173ed64528b4d010a76d8d38deb1d7e7eed58eda","modified":1585893719085},{"_id":"public/js/main.min.js","hash":"70652f94832de4801ffe80bf59d09265ac84599f","modified":1585893719085},{"_id":"public/js/search.min.js","hash":"a8a450bb8b1ca9ad577052addcbd3393f1af6c6a","modified":1585893719085},{"_id":"public/js/search.js","hash":"a1de7e7a2ef8330ebcd9f3a7a4622b3bac44e4f3","modified":1585893719085},{"_id":"public/js/main.js","hash":"411836a39a01be178e7bba14f8959b6949488de9","modified":1585893719085},{"_id":"public/css/fonts/fontawesome/fontawesome-webfont.woff","hash":"28b782240b3e76db824e12c02754a9731a167527","modified":1585893719085},{"_id":"public/css/fonts/fontawesome/fontawesome-webfont.ttf","hash":"13b1eab65a983c7a73bc7997c479d66943f7c6cb","modified":1585893719085},{"_id":"public/css/fonts/fontawesome/FontAwesome.otf","hash":"048707bc52ac4b6563aaa383bfe8660a0ddc908c","modified":1585893719085},{"_id":"public/css/fonts/fontawesome/fontawesome-webfont.eot","hash":"d980c2ce873dc43af460d4d572d441304499f400","modified":1585893719085},{"_id":"public/css/style.css","hash":"11c1c7b22c84f3f33fb335ff98f0c385d6ec7629","modified":1585893719085},{"_id":"public/css/fonts/fontawesome/fontawesome-webfont.svg","hash":"98a8aa5cf7d62c2eff5f07ede8d844b874ef06ed","modified":1585893719085},{"_id":"source/_posts/搭建无限容量goindex.md","hash":"91278b5e94c53b8fc9c03f46674da7c894a67a28","modified":1587259658792},{"_id":"public/2020/04/19/搭建无限容量goindex/index.html","hash":"ae0e7124aef7acd11d031a634ae33d15bbcb446b","modified":1587455513164},{"_id":"source/_posts/建了一个tg api代理.md","hash":"52b4067957cd58e2976ed9f809d10bf8021c628f","modified":1587455468535},{"_id":"public/2020/04/21/建了一个tg api代理/index.html","hash":"2f4900417ef41039c5a5b728761d423a4c954500","modified":1588308224981},{"_id":"source/_posts/抽奖第一波.md","hash":"9e908f20606261e33e75904644ddb3bbf8e7b505","modified":1588308060826},{"_id":"public/2020/05/01/抽奖第一波/index.html","hash":"864dab3ad066128badc9c7e178ee0a3a5ccd4e2f","modified":1588308224981},{"_id":"public/archives/2020/05/index.html","hash":"b2e3fd8d3d6ffd0f433dbe354eb59513421b86d0","modified":1588308224981}],"Category":[],"Data":[],"Page":[{"title":"tags","date":"2020-03-30T02:19:13.000Z","_content":"### 这些都是我的小伙伴们~~\n[星辰日记](https://blog.xsot.cn)\n[源源日记](https://blog.bsot.cn)\n","source":"tags/index.md","raw":"---\ntitle: tags\ndate: 2020-03-30 10:19:13\n---\n### 这些都是我的小伙伴们~~\n[星辰日记](https://blog.xsot.cn)\n[源源日记](https://blog.bsot.cn)\n","updated":"2020-03-30T02:44:16.764Z","path":"tags/index.html","comments":1,"layout":"page","_id":"ck8js6apy0001t0vkgcex0l10","content":"<h3 id=\"这些都是我的小伙伴们\"><a href=\"#这些都是我的小伙伴们\" class=\"headerlink\" title=\"这些都是我的小伙伴们~~\"></a>这些都是我的小伙伴们~~</h3><p><a href=\"https://blog.xsot.cn\" target=\"_blank\" rel=\"noopener\">星辰日记</a><br><a href=\"https://blog.bsot.cn\" target=\"_blank\" rel=\"noopener\">源源日记</a></p>\n","site":{"data":{}},"excerpt":"","more":"<h3 id=\"这些都是我的小伙伴们\"><a href=\"#这些都是我的小伙伴们\" class=\"headerlink\" title=\"这些都是我的小伙伴们~~\"></a>这些都是我的小伙伴们~~</h3><p><a href=\"https://blog.xsot.cn\" target=\"_blank\" rel=\"noopener\">星辰日记</a><br><a href=\"https://blog.bsot.cn\" target=\"_blank\" rel=\"noopener\">源源日记</a></p>\n"}],"Post":[{"_content":"![](https://shop.io.mi-img.com/app/shop/img?id=shop_9e56d425b16be532e0331a3304bb0dd2.png)\n>介意者慎用\n\n申请地址：[https://www.cmlink.com/uk/zh/free-sim](https://www.cmlink.com/uk/zh/free-sim)\n<font color=red>限定优惠：\n2020年6月30日前新入网或携号转入成为CMLink用户，您填写的中国移动国内号码，可获赠120元人民币的话费，分6个月赠送。\n从CMLink卡激活次月起，每月11日前（英国时间）保持号码有有效套餐且状态正常，即可获得当月话费赠送；如号码停机或套餐失效，当月话费赠送取消且不可补赠。\n该优惠仅适用于订购9.9镑及以上套餐，且2020年6月30日前激活CMLink卡的客户。\n话费赠送的中国移动国内号码一经填写，不可修改。</font>\n\n|   服务   | 资费(英国)    |\n| ----------- | ----------- |\n| 流量 | 5p/MB |\n| CMLink网内的所有电话和短信 | 免费 + 无限 |\n| 拨打网外电话和固定电话 | 8p/分钟 |\n| 接听电话 | 免费 |\n| 发送短信至网外电话及欧盟及指定地区 | 6p/条 |\n| 发送短信至中国大陆及香港地区 | 8p/条 |\n\n|   服务   | 资费(中国)    |\n| ----------- | ----------- |\n| 流量 | 5p/MB |\n| 接听电话 | 30p/分钟 |\n| 拨打中国大陆及香港地区电话 | 2p/分钟 |\n| 拨打英国电话及留言信箱 | 30p/分钟 |\n| 拨打欧盟及指定地区、其它国家及地区*电话 | 150p/分钟 |\n| 接收短信 | 免费 |\n| 发送短信至英国、欧盟及指定地区、中国大陆、香港地区、其它国家及地区 | 35p/条 |\n>***<font color=red>持此卡在中国大陆上网有惊喜！</font>***\n\n官网还有可选套餐：\n![](https://shop.io.mi-img.com/app/shop/img?id=shop_d6f1ee1de4ede859195ee0ed6d91c466.png)\n有点贵。。。\n补充：这张卡是不需要实名的，而且快递包邮，博主收到的卡是发的圆通快递，三天左右到。\n大家看需要购买吧，记住，<font color=red>官网的申请页面提交以后报错是正常的，不要多次尝试，否则。。。就会和博主一样收到三张卡。。。</font>","source":"_posts/cmlink英国电话卡.md","raw":"![](https://shop.io.mi-img.com/app/shop/img?id=shop_9e56d425b16be532e0331a3304bb0dd2.png)\n>介意者慎用\n\n申请地址：[https://www.cmlink.com/uk/zh/free-sim](https://www.cmlink.com/uk/zh/free-sim)\n<font color=red>限定优惠：\n2020年6月30日前新入网或携号转入成为CMLink用户，您填写的中国移动国内号码，可获赠120元人民币的话费，分6个月赠送。\n从CMLink卡激活次月起，每月11日前（英国时间）保持号码有有效套餐且状态正常，即可获得当月话费赠送；如号码停机或套餐失效，当月话费赠送取消且不可补赠。\n该优惠仅适用于订购9.9镑及以上套餐，且2020年6月30日前激活CMLink卡的客户。\n话费赠送的中国移动国内号码一经填写，不可修改。</font>\n\n|   服务   | 资费(英国)    |\n| ----------- | ----------- |\n| 流量 | 5p/MB |\n| CMLink网内的所有电话和短信 | 免费 + 无限 |\n| 拨打网外电话和固定电话 | 8p/分钟 |\n| 接听电话 | 免费 |\n| 发送短信至网外电话及欧盟及指定地区 | 6p/条 |\n| 发送短信至中国大陆及香港地区 | 8p/条 |\n\n|   服务   | 资费(中国)    |\n| ----------- | ----------- |\n| 流量 | 5p/MB |\n| 接听电话 | 30p/分钟 |\n| 拨打中国大陆及香港地区电话 | 2p/分钟 |\n| 拨打英国电话及留言信箱 | 30p/分钟 |\n| 拨打欧盟及指定地区、其它国家及地区*电话 | 150p/分钟 |\n| 接收短信 | 免费 |\n| 发送短信至英国、欧盟及指定地区、中国大陆、香港地区、其它国家及地区 | 35p/条 |\n>***<font color=red>持此卡在中国大陆上网有惊喜！</font>***\n\n官网还有可选套餐：\n![](https://shop.io.mi-img.com/app/shop/img?id=shop_d6f1ee1de4ede859195ee0ed6d91c466.png)\n有点贵。。。\n补充：这张卡是不需要实名的，而且快递包邮，博主收到的卡是发的圆通快递，三天左右到。\n大家看需要购买吧，记住，<font color=red>官网的申请页面提交以后报错是正常的，不要多次尝试，否则。。。就会和博主一样收到三张卡。。。</font>","slug":"cmlink英国电话卡","published":1,"date":"2020-04-01T01:24:57.596Z","updated":"2020-04-01T04:49:01.443Z","title":"cmlink英国电话卡","comments":1,"layout":"post","photos":[],"link":"","_id":"ck8js6apj0000t0vk7y272wm5","content":"<figure class=\"image-bubble\">\n                <div class=\"img-lightbox\">\n                    <div class=\"overlay\"></div>\n                    <img src=\"https://shop.io.mi-img.com/app/shop/img?id=shop_9e56d425b16be532e0331a3304bb0dd2.png\" alt=\"\" title=\"\">\n                </div>\n                <div class=\"image-caption\"></div>\n            </figure>\n<blockquote>\n<p>介意者慎用</p>\n</blockquote>\n<p>申请地址：<a href=\"https://www.cmlink.com/uk/zh/free-sim\" target=\"_blank\" rel=\"noopener\">https://www.cmlink.com/uk/zh/free-sim</a><br><font color=red>限定优惠：<br>2020年6月30日前新入网或携号转入成为CMLink用户，您填写的中国移动国内号码，可获赠120元人民币的话费，分6个月赠送。<br>从CMLink卡激活次月起，每月11日前（英国时间）保持号码有有效套餐且状态正常，即可获得当月话费赠送；如号码停机或套餐失效，当月话费赠送取消且不可补赠。<br>该优惠仅适用于订购9.9镑及以上套餐，且2020年6月30日前激活CMLink卡的客户。<br>话费赠送的中国移动国内号码一经填写，不可修改。</font></p>\n<table>\n<thead>\n<tr>\n<th>服务</th>\n<th>资费(英国)</th>\n</tr>\n</thead>\n<tbody><tr>\n<td>流量</td>\n<td>5p/MB</td>\n</tr>\n<tr>\n<td>CMLink网内的所有电话和短信</td>\n<td>免费 + 无限</td>\n</tr>\n<tr>\n<td>拨打网外电话和固定电话</td>\n<td>8p/分钟</td>\n</tr>\n<tr>\n<td>接听电话</td>\n<td>免费</td>\n</tr>\n<tr>\n<td>发送短信至网外电话及欧盟及指定地区</td>\n<td>6p/条</td>\n</tr>\n<tr>\n<td>发送短信至中国大陆及香港地区</td>\n<td>8p/条</td>\n</tr>\n</tbody></table>\n<table>\n<thead>\n<tr>\n<th>服务</th>\n<th>资费(中国)</th>\n</tr>\n</thead>\n<tbody><tr>\n<td>流量</td>\n<td>5p/MB</td>\n</tr>\n<tr>\n<td>接听电话</td>\n<td>30p/分钟</td>\n</tr>\n<tr>\n<td>拨打中国大陆及香港地区电话</td>\n<td>2p/分钟</td>\n</tr>\n<tr>\n<td>拨打英国电话及留言信箱</td>\n<td>30p/分钟</td>\n</tr>\n<tr>\n<td>拨打欧盟及指定地区、其它国家及地区*电话</td>\n<td>150p/分钟</td>\n</tr>\n<tr>\n<td>接收短信</td>\n<td>免费</td>\n</tr>\n<tr>\n<td>发送短信至英国、欧盟及指定地区、中国大陆、香港地区、其它国家及地区</td>\n<td>35p/条</td>\n</tr>\n</tbody></table>\n<blockquote>\n<p><strong>*<font color=red>持此卡在中国大陆上网有惊喜！</font>*</strong></p>\n</blockquote>\n<p>官网还有可选套餐：</p>\n<figure class=\"image-bubble\">\n                <div class=\"img-lightbox\">\n                    <div class=\"overlay\"></div>\n                    <img src=\"https://shop.io.mi-img.com/app/shop/img?id=shop_d6f1ee1de4ede859195ee0ed6d91c466.png\" alt=\"\" title=\"\">\n                </div>\n                <div class=\"image-caption\"></div>\n            </figure>\n<p>有点贵。。。<br>补充：这张卡是不需要实名的，而且快递包邮，博主收到的卡是发的圆通快递，三天左右到。<br>大家看需要购买吧，记住，<font color=red>官网的申请页面提交以后报错是正常的，不要多次尝试，否则。。。就会和博主一样收到三张卡。。。</font></p>\n","site":{"data":{}},"excerpt":"","more":"<figure class=\"image-bubble\">\n                <div class=\"img-lightbox\">\n                    <div class=\"overlay\"></div>\n                    <img src=\"https://shop.io.mi-img.com/app/shop/img?id=shop_9e56d425b16be532e0331a3304bb0dd2.png\" alt=\"\" title=\"\">\n                </div>\n                <div class=\"image-caption\"></div>\n            </figure>\n<blockquote>\n<p>介意者慎用</p>\n</blockquote>\n<p>申请地址：<a href=\"https://www.cmlink.com/uk/zh/free-sim\" target=\"_blank\" rel=\"noopener\">https://www.cmlink.com/uk/zh/free-sim</a><br><font color=red>限定优惠：<br>2020年6月30日前新入网或携号转入成为CMLink用户，您填写的中国移动国内号码，可获赠120元人民币的话费，分6个月赠送。<br>从CMLink卡激活次月起，每月11日前（英国时间）保持号码有有效套餐且状态正常，即可获得当月话费赠送；如号码停机或套餐失效，当月话费赠送取消且不可补赠。<br>该优惠仅适用于订购9.9镑及以上套餐，且2020年6月30日前激活CMLink卡的客户。<br>话费赠送的中国移动国内号码一经填写，不可修改。</font></p>\n<table>\n<thead>\n<tr>\n<th>服务</th>\n<th>资费(英国)</th>\n</tr>\n</thead>\n<tbody><tr>\n<td>流量</td>\n<td>5p/MB</td>\n</tr>\n<tr>\n<td>CMLink网内的所有电话和短信</td>\n<td>免费 + 无限</td>\n</tr>\n<tr>\n<td>拨打网外电话和固定电话</td>\n<td>8p/分钟</td>\n</tr>\n<tr>\n<td>接听电话</td>\n<td>免费</td>\n</tr>\n<tr>\n<td>发送短信至网外电话及欧盟及指定地区</td>\n<td>6p/条</td>\n</tr>\n<tr>\n<td>发送短信至中国大陆及香港地区</td>\n<td>8p/条</td>\n</tr>\n</tbody></table>\n<table>\n<thead>\n<tr>\n<th>服务</th>\n<th>资费(中国)</th>\n</tr>\n</thead>\n<tbody><tr>\n<td>流量</td>\n<td>5p/MB</td>\n</tr>\n<tr>\n<td>接听电话</td>\n<td>30p/分钟</td>\n</tr>\n<tr>\n<td>拨打中国大陆及香港地区电话</td>\n<td>2p/分钟</td>\n</tr>\n<tr>\n<td>拨打英国电话及留言信箱</td>\n<td>30p/分钟</td>\n</tr>\n<tr>\n<td>拨打欧盟及指定地区、其它国家及地区*电话</td>\n<td>150p/分钟</td>\n</tr>\n<tr>\n<td>接收短信</td>\n<td>免费</td>\n</tr>\n<tr>\n<td>发送短信至英国、欧盟及指定地区、中国大陆、香港地区、其它国家及地区</td>\n<td>35p/条</td>\n</tr>\n</tbody></table>\n<blockquote>\n<p><strong>*<font color=red>持此卡在中国大陆上网有惊喜！</font>*</strong></p>\n</blockquote>\n<p>官网还有可选套餐：</p>\n<figure class=\"image-bubble\">\n                <div class=\"img-lightbox\">\n                    <div class=\"overlay\"></div>\n                    <img src=\"https://shop.io.mi-img.com/app/shop/img?id=shop_d6f1ee1de4ede859195ee0ed6d91c466.png\" alt=\"\" title=\"\">\n                </div>\n                <div class=\"image-caption\"></div>\n            </figure>\n<p>有点贵。。。<br>补充：这张卡是不需要实名的，而且快递包邮，博主收到的卡是发的圆通快递，三天左右到。<br>大家看需要购买吧，记住，<font color=red>官网的申请页面提交以后报错是正常的，不要多次尝试，否则。。。就会和博主一样收到三张卡。。。</font></p>\n"},{"_content":">记住，低调，低调，低调！\n\n这是cloudflare pro在官网的定价：\n![](https://shop.io.mi-img.com/app/shop/img?id=shop_1f65aed6d5d8483f30fb49f7bcb2df4a.png)\n先来看看cloudflare pro有什么优点：\n![](https://shop.io.mi-img.com/app/shop/img?id=shop_dccab81a35e513f28370390fc0235c49.png)\n据说可以用专业版节点，没有实测，反正比免费版好就是了。\n\n最近看到很多人去抢ion的wordpress空间，就为了cloudflare pro，缺货后还不惜花钱去买。。。\n\n我给大家分享另一个能免费获取cloudflare pro的网站：[bearhosting](https://bearhosting.co.uk/)\n![](https://shop.io.mi-img.com/app/shop/img?id=shop_4edc0e770c7291f5be6c096d39eb5df2.png)\n而且似乎是cloudflare pro（plus）（虽然不知道plus有什么用）\n![](https://shop.io.mi-img.com/app/shop/img?id=shop_f2f248ce098f02bdd131df82c77eb4d9.png)\n进入plesk面板，选择ServerShield by Cloudflare：\n![](https://shop.io.mi-img.com/app/shop/img?id=shop_fb919b7e2ba553ab2c14c5fa566fa47c.png)\n然后登陆cloudflare账号，选择域名，然后你的域名就是cloudflare pro计划了。\n这家有两种面板，只有plesk\n面板才有cf pro，法国节点加上cf的加速，国内访问不错。美国节点本身在中国的访问速度就很好。","source":"_posts/免费获取cloudflare pro.md","raw":">记住，低调，低调，低调！\n\n这是cloudflare pro在官网的定价：\n![](https://shop.io.mi-img.com/app/shop/img?id=shop_1f65aed6d5d8483f30fb49f7bcb2df4a.png)\n先来看看cloudflare pro有什么优点：\n![](https://shop.io.mi-img.com/app/shop/img?id=shop_dccab81a35e513f28370390fc0235c49.png)\n据说可以用专业版节点，没有实测，反正比免费版好就是了。\n\n最近看到很多人去抢ion的wordpress空间，就为了cloudflare pro，缺货后还不惜花钱去买。。。\n\n我给大家分享另一个能免费获取cloudflare pro的网站：[bearhosting](https://bearhosting.co.uk/)\n![](https://shop.io.mi-img.com/app/shop/img?id=shop_4edc0e770c7291f5be6c096d39eb5df2.png)\n而且似乎是cloudflare pro（plus）（虽然不知道plus有什么用）\n![](https://shop.io.mi-img.com/app/shop/img?id=shop_f2f248ce098f02bdd131df82c77eb4d9.png)\n进入plesk面板，选择ServerShield by Cloudflare：\n![](https://shop.io.mi-img.com/app/shop/img?id=shop_fb919b7e2ba553ab2c14c5fa566fa47c.png)\n然后登陆cloudflare账号，选择域名，然后你的域名就是cloudflare pro计划了。\n这家有两种面板，只有plesk\n面板才有cf pro，法国节点加上cf的加速，国内访问不错。美国节点本身在中国的访问速度就很好。","slug":"免费获取cloudflare pro","published":1,"date":"2020-03-30T06:45:22.251Z","updated":"2020-03-31T22:36:53.221Z","title":"免费获取cloudflare pro","comments":1,"layout":"post","photos":[],"link":"","_id":"ck8js6aq10002t0vk3a8kdrb3","content":"<blockquote>\n<p>记住，低调，低调，低调！</p>\n</blockquote>\n<p>这是cloudflare pro在官网的定价：</p>\n<figure class=\"image-bubble\">\n                <div class=\"img-lightbox\">\n                    <div class=\"overlay\"></div>\n                    <img src=\"https://shop.io.mi-img.com/app/shop/img?id=shop_1f65aed6d5d8483f30fb49f7bcb2df4a.png\" alt=\"\" title=\"\">\n                </div>\n                <div class=\"image-caption\"></div>\n            </figure>\n<p>先来看看cloudflare pro有什么优点：</p>\n<figure class=\"image-bubble\">\n                <div class=\"img-lightbox\">\n                    <div class=\"overlay\"></div>\n                    <img src=\"https://shop.io.mi-img.com/app/shop/img?id=shop_dccab81a35e513f28370390fc0235c49.png\" alt=\"\" title=\"\">\n                </div>\n                <div class=\"image-caption\"></div>\n            </figure>\n<p>据说可以用专业版节点，没有实测，反正比免费版好就是了。</p>\n<p>最近看到很多人去抢ion的wordpress空间，就为了cloudflare pro，缺货后还不惜花钱去买。。。</p>\n<p>我给大家分享另一个能免费获取cloudflare pro的网站：<a href=\"https://bearhosting.co.uk/\" target=\"_blank\" rel=\"noopener\">bearhosting</a></p>\n<figure class=\"image-bubble\">\n                <div class=\"img-lightbox\">\n                    <div class=\"overlay\"></div>\n                    <img src=\"https://shop.io.mi-img.com/app/shop/img?id=shop_4edc0e770c7291f5be6c096d39eb5df2.png\" alt=\"\" title=\"\">\n                </div>\n                <div class=\"image-caption\"></div>\n            </figure>\n<p>而且似乎是cloudflare pro（plus）（虽然不知道plus有什么用）</p>\n<figure class=\"image-bubble\">\n                <div class=\"img-lightbox\">\n                    <div class=\"overlay\"></div>\n                    <img src=\"https://shop.io.mi-img.com/app/shop/img?id=shop_f2f248ce098f02bdd131df82c77eb4d9.png\" alt=\"\" title=\"\">\n                </div>\n                <div class=\"image-caption\"></div>\n            </figure>\n<p>进入plesk面板，选择ServerShield by Cloudflare：</p>\n<figure class=\"image-bubble\">\n                <div class=\"img-lightbox\">\n                    <div class=\"overlay\"></div>\n                    <img src=\"https://shop.io.mi-img.com/app/shop/img?id=shop_fb919b7e2ba553ab2c14c5fa566fa47c.png\" alt=\"\" title=\"\">\n                </div>\n                <div class=\"image-caption\"></div>\n            </figure>\n<p>然后登陆cloudflare账号，选择域名，然后你的域名就是cloudflare pro计划了。<br>这家有两种面板，只有plesk<br>面板才有cf pro，法国节点加上cf的加速，国内访问不错。美国节点本身在中国的访问速度就很好。</p>\n","site":{"data":{}},"excerpt":"","more":"<blockquote>\n<p>记住，低调，低调，低调！</p>\n</blockquote>\n<p>这是cloudflare pro在官网的定价：</p>\n<figure class=\"image-bubble\">\n                <div class=\"img-lightbox\">\n                    <div class=\"overlay\"></div>\n                    <img src=\"https://shop.io.mi-img.com/app/shop/img?id=shop_1f65aed6d5d8483f30fb49f7bcb2df4a.png\" alt=\"\" title=\"\">\n                </div>\n                <div class=\"image-caption\"></div>\n            </figure>\n<p>先来看看cloudflare pro有什么优点：</p>\n<figure class=\"image-bubble\">\n                <div class=\"img-lightbox\">\n                    <div class=\"overlay\"></div>\n                    <img src=\"https://shop.io.mi-img.com/app/shop/img?id=shop_dccab81a35e513f28370390fc0235c49.png\" alt=\"\" title=\"\">\n                </div>\n                <div class=\"image-caption\"></div>\n            </figure>\n<p>据说可以用专业版节点，没有实测，反正比免费版好就是了。</p>\n<p>最近看到很多人去抢ion的wordpress空间，就为了cloudflare pro，缺货后还不惜花钱去买。。。</p>\n<p>我给大家分享另一个能免费获取cloudflare pro的网站：<a href=\"https://bearhosting.co.uk/\" target=\"_blank\" rel=\"noopener\">bearhosting</a></p>\n<figure class=\"image-bubble\">\n                <div class=\"img-lightbox\">\n                    <div class=\"overlay\"></div>\n                    <img src=\"https://shop.io.mi-img.com/app/shop/img?id=shop_4edc0e770c7291f5be6c096d39eb5df2.png\" alt=\"\" title=\"\">\n                </div>\n                <div class=\"image-caption\"></div>\n            </figure>\n<p>而且似乎是cloudflare pro（plus）（虽然不知道plus有什么用）</p>\n<figure class=\"image-bubble\">\n                <div class=\"img-lightbox\">\n                    <div class=\"overlay\"></div>\n                    <img src=\"https://shop.io.mi-img.com/app/shop/img?id=shop_f2f248ce098f02bdd131df82c77eb4d9.png\" alt=\"\" title=\"\">\n                </div>\n                <div class=\"image-caption\"></div>\n            </figure>\n<p>进入plesk面板，选择ServerShield by Cloudflare：</p>\n<figure class=\"image-bubble\">\n                <div class=\"img-lightbox\">\n                    <div class=\"overlay\"></div>\n                    <img src=\"https://shop.io.mi-img.com/app/shop/img?id=shop_fb919b7e2ba553ab2c14c5fa566fa47c.png\" alt=\"\" title=\"\">\n                </div>\n                <div class=\"image-caption\"></div>\n            </figure>\n<p>然后登陆cloudflare账号，选择域名，然后你的域名就是cloudflare pro计划了。<br>这家有两种面板，只有plesk<br>面板才有cf pro，法国节点加上cf的加速，国内访问不错。美国节点本身在中国的访问速度就很好。</p>\n"},{"_content":"最近，我把[博客](https://stzo.cn)从wordpress转向hexo,主要是因为hexo拥有wordpress无法匹敌的轻量性，而且纯静态博客，性能更好。其实文章写起来都差不多，都是markdown.（还有我感觉hexo的indigo主题比较好看）\n首先，安装hexo环境，可以去[hexo官网](https://hexo.io/)，里面有详细的教程。\n![](https://shop.io.mi-img.com/app/shop/img?id=shop_0daa73245a54c404aa0ec843e1e3b9b3.png)\n打开git工具，输入：\n```\nhexo g\n```\n来生成静态文件，在public目录底下，直接把public目录底下的文件上传到服务器就好了。\n当然，hexo也提供本地测试：\n```\nhexo server\n```\n然后访问[http://localhost:4000](http://localhost:4000)就可以看到你的博客了。\n插件什么的，大家可以自由添加，实现评论，统计等等。\n放张成品图：\n![](https://shop.io.mi-img.com/app/shop/img?id=shop_6a2de3876da9bb6759de72e08567a06f.png)\n漂亮吧！\n至于indigo主题不自带友情链接的问题。。。\n我直接把tags页面改成了友情链接页面emmm。。。","source":"_posts/博客迁移到hexo.md","raw":"最近，我把[博客](https://stzo.cn)从wordpress转向hexo,主要是因为hexo拥有wordpress无法匹敌的轻量性，而且纯静态博客，性能更好。其实文章写起来都差不多，都是markdown.（还有我感觉hexo的indigo主题比较好看）\n首先，安装hexo环境，可以去[hexo官网](https://hexo.io/)，里面有详细的教程。\n![](https://shop.io.mi-img.com/app/shop/img?id=shop_0daa73245a54c404aa0ec843e1e3b9b3.png)\n打开git工具，输入：\n```\nhexo g\n```\n来生成静态文件，在public目录底下，直接把public目录底下的文件上传到服务器就好了。\n当然，hexo也提供本地测试：\n```\nhexo server\n```\n然后访问[http://localhost:4000](http://localhost:4000)就可以看到你的博客了。\n插件什么的，大家可以自由添加，实现评论，统计等等。\n放张成品图：\n![](https://shop.io.mi-img.com/app/shop/img?id=shop_6a2de3876da9bb6759de72e08567a06f.png)\n漂亮吧！\n至于indigo主题不自带友情链接的问题。。。\n我直接把tags页面改成了友情链接页面emmm。。。","slug":"博客迁移到hexo","published":1,"date":"2020-03-31T14:10:50.305Z","updated":"2020-03-31T14:10:58.303Z","title":"博客迁移到hexo","comments":1,"layout":"post","photos":[],"link":"","_id":"ck8js6aq60003t0vkfm72293e","content":"<p>最近，我把<a href=\"https://stzo.cn\">博客</a>从wordpress转向hexo,主要是因为hexo拥有wordpress无法匹敌的轻量性，而且纯静态博客，性能更好。其实文章写起来都差不多，都是markdown.（还有我感觉hexo的indigo主题比较好看）<br>首先，安装hexo环境，可以去<a href=\"https://hexo.io/\" target=\"_blank\" rel=\"noopener\">hexo官网</a>，里面有详细的教程。</p>\n<figure class=\"image-bubble\">\n                <div class=\"img-lightbox\">\n                    <div class=\"overlay\"></div>\n                    <img src=\"https://shop.io.mi-img.com/app/shop/img?id=shop_0daa73245a54c404aa0ec843e1e3b9b3.png\" alt=\"\" title=\"\">\n                </div>\n                <div class=\"image-caption\"></div>\n            </figure>\n<p>打开git工具，输入：</p>\n<figure class=\"highlight plain\"><table><tr><td class=\"gutter\"><pre><span class=\"line\">1</span><br></pre></td><td class=\"code\"><pre><span class=\"line\">hexo g</span><br></pre></td></tr></table></figure>\n<p>来生成静态文件，在public目录底下，直接把public目录底下的文件上传到服务器就好了。<br>当然，hexo也提供本地测试：</p>\n<figure class=\"highlight plain\"><table><tr><td class=\"gutter\"><pre><span class=\"line\">1</span><br></pre></td><td class=\"code\"><pre><span class=\"line\">hexo server</span><br></pre></td></tr></table></figure>\n<p>然后访问<a href=\"http://localhost:4000\" target=\"_blank\" rel=\"noopener\">http://localhost:4000</a>就可以看到你的博客了。<br>插件什么的，大家可以自由添加，实现评论，统计等等。<br>放张成品图：</p>\n<figure class=\"image-bubble\">\n                <div class=\"img-lightbox\">\n                    <div class=\"overlay\"></div>\n                    <img src=\"https://shop.io.mi-img.com/app/shop/img?id=shop_6a2de3876da9bb6759de72e08567a06f.png\" alt=\"\" title=\"\">\n                </div>\n                <div class=\"image-caption\"></div>\n            </figure>\n<p>漂亮吧！<br>至于indigo主题不自带友情链接的问题。。。<br>我直接把tags页面改成了友情链接页面emmm。。。</p>\n","site":{"data":{}},"excerpt":"","more":"<p>最近，我把<a href=\"https://stzo.cn\">博客</a>从wordpress转向hexo,主要是因为hexo拥有wordpress无法匹敌的轻量性，而且纯静态博客，性能更好。其实文章写起来都差不多，都是markdown.（还有我感觉hexo的indigo主题比较好看）<br>首先，安装hexo环境，可以去<a href=\"https://hexo.io/\" target=\"_blank\" rel=\"noopener\">hexo官网</a>，里面有详细的教程。</p>\n<figure class=\"image-bubble\">\n                <div class=\"img-lightbox\">\n                    <div class=\"overlay\"></div>\n                    <img src=\"https://shop.io.mi-img.com/app/shop/img?id=shop_0daa73245a54c404aa0ec843e1e3b9b3.png\" alt=\"\" title=\"\">\n                </div>\n                <div class=\"image-caption\"></div>\n            </figure>\n<p>打开git工具，输入：</p>\n<figure class=\"highlight plain\"><table><tr><td class=\"gutter\"><pre><span class=\"line\">1</span><br></pre></td><td class=\"code\"><pre><span class=\"line\">hexo g</span><br></pre></td></tr></table></figure>\n<p>来生成静态文件，在public目录底下，直接把public目录底下的文件上传到服务器就好了。<br>当然，hexo也提供本地测试：</p>\n<figure class=\"highlight plain\"><table><tr><td class=\"gutter\"><pre><span class=\"line\">1</span><br></pre></td><td class=\"code\"><pre><span class=\"line\">hexo server</span><br></pre></td></tr></table></figure>\n<p>然后访问<a href=\"http://localhost:4000\" target=\"_blank\" rel=\"noopener\">http://localhost:4000</a>就可以看到你的博客了。<br>插件什么的，大家可以自由添加，实现评论，统计等等。<br>放张成品图：</p>\n<figure class=\"image-bubble\">\n                <div class=\"img-lightbox\">\n                    <div class=\"overlay\"></div>\n                    <img src=\"https://shop.io.mi-img.com/app/shop/img?id=shop_6a2de3876da9bb6759de72e08567a06f.png\" alt=\"\" title=\"\">\n                </div>\n                <div class=\"image-caption\"></div>\n            </figure>\n<p>漂亮吧！<br>至于indigo主题不自带友情链接的问题。。。<br>我直接把tags页面改成了友情链接页面emmm。。。</p>\n"},{"_content":"首先，让[xtlsoft签到系统](http://signin.xapps.top/)隆重登场！\n![](https://shop.io.mi-img.com/app/shop/img?id=shop_081d5cefac26379da5b230d3c0e37cd5.png)\n额。。。\n\n这个签到系统还有UA检测啊。不过没关系，我们用手机qq的UA来伪装一下。\n![](https://shop.io.mi-img.com/app/shop/img?id=shop_31c6d53fdd61ebeed67506a710763c57.png)\n那么接下来。。。\n![](https://shop.io.mi-img.com/app/shop/img?id=shop_2db2c661121b99cd27c4340a23c3dba0.png)\n知道我要干什么了吧。。。\n\n但是，太不稳定了，而且我电脑配置太低，卡到爆炸。。。\n![](https://shop.io.mi-img.com/app/shop/img?id=shop_e9c8a7c87937a100f274c07472058b36.png)\n写个脚本，定时运行。。。\n\n但是！！！\n![](https://shop.io.mi-img.com/app/shop/img?id=shop_402de385d69492a46e3e01b32dfba107.png)\n心惊胆战啊。。。这也太不稳定了。。。\n\n那我们换一种思路，用php模拟。为了稳定，我一签就是10次。\n![](https://shop.io.mi-img.com/app/shop/img?id=shop_b8eeaed212a44b84ba39002b17dfdbe0.png)\n然后那个签到系统居然加上了cloudflare。。。本来以为加上cookie参数就可以了，结果没成功，不折腾了。\n\n我们再换一种思路。\n![](https://shop.io.mi-img.com/app/shop/img?id=shop_e413a06964b828e08221f1923ff1c3a3.png)\n本来好好的，没想到，cfuid居然会变。。。\n\n我也是真的没办法了，那我们退而求其次，定时提醒签到。\n![](https://shop.io.mi-img.com/app/shop/img?id=shop_4d5661f2310734423182d9ff7afebd78.png)\n还加上了serverchan微信推送，加上宝塔定时命令，完美！\n\n我还写了一个telegram bot推送的版本，稳定运行到现在。","source":"_posts/记一次破解xtlsoft签到系统（失败）的经历.md","raw":"首先，让[xtlsoft签到系统](http://signin.xapps.top/)隆重登场！\n![](https://shop.io.mi-img.com/app/shop/img?id=shop_081d5cefac26379da5b230d3c0e37cd5.png)\n额。。。\n\n这个签到系统还有UA检测啊。不过没关系，我们用手机qq的UA来伪装一下。\n![](https://shop.io.mi-img.com/app/shop/img?id=shop_31c6d53fdd61ebeed67506a710763c57.png)\n那么接下来。。。\n![](https://shop.io.mi-img.com/app/shop/img?id=shop_2db2c661121b99cd27c4340a23c3dba0.png)\n知道我要干什么了吧。。。\n\n但是，太不稳定了，而且我电脑配置太低，卡到爆炸。。。\n![](https://shop.io.mi-img.com/app/shop/img?id=shop_e9c8a7c87937a100f274c07472058b36.png)\n写个脚本，定时运行。。。\n\n但是！！！\n![](https://shop.io.mi-img.com/app/shop/img?id=shop_402de385d69492a46e3e01b32dfba107.png)\n心惊胆战啊。。。这也太不稳定了。。。\n\n那我们换一种思路，用php模拟。为了稳定，我一签就是10次。\n![](https://shop.io.mi-img.com/app/shop/img?id=shop_b8eeaed212a44b84ba39002b17dfdbe0.png)\n然后那个签到系统居然加上了cloudflare。。。本来以为加上cookie参数就可以了，结果没成功，不折腾了。\n\n我们再换一种思路。\n![](https://shop.io.mi-img.com/app/shop/img?id=shop_e413a06964b828e08221f1923ff1c3a3.png)\n本来好好的，没想到，cfuid居然会变。。。\n\n我也是真的没办法了，那我们退而求其次，定时提醒签到。\n![](https://shop.io.mi-img.com/app/shop/img?id=shop_4d5661f2310734423182d9ff7afebd78.png)\n还加上了serverchan微信推送，加上宝塔定时命令，完美！\n\n我还写了一个telegram bot推送的版本，稳定运行到现在。","slug":"记一次破解xtlsoft签到系统（失败）的经历","published":1,"date":"2020-03-30T02:24:59.110Z","updated":"2020-03-31T09:29:08.550Z","title":"记一次破解xtlsoft签到系统（失败）的经历","comments":1,"layout":"post","photos":[],"link":"","_id":"ck8js6aq90004t0vkb2dx05ah","content":"<p>首先，让<a href=\"http://signin.xapps.top/\" target=\"_blank\" rel=\"noopener\">xtlsoft签到系统</a>隆重登场！</p>\n<figure class=\"image-bubble\">\n                <div class=\"img-lightbox\">\n                    <div class=\"overlay\"></div>\n                    <img src=\"https://shop.io.mi-img.com/app/shop/img?id=shop_081d5cefac26379da5b230d3c0e37cd5.png\" alt=\"\" title=\"\">\n                </div>\n                <div class=\"image-caption\"></div>\n            </figure>\n<p>额。。。</p>\n<p>这个签到系统还有UA检测啊。不过没关系，我们用手机qq的UA来伪装一下。</p>\n<figure class=\"image-bubble\">\n                <div class=\"img-lightbox\">\n                    <div class=\"overlay\"></div>\n                    <img src=\"https://shop.io.mi-img.com/app/shop/img?id=shop_31c6d53fdd61ebeed67506a710763c57.png\" alt=\"\" title=\"\">\n                </div>\n                <div class=\"image-caption\"></div>\n            </figure>\n<p>那么接下来。。。</p>\n<figure class=\"image-bubble\">\n                <div class=\"img-lightbox\">\n                    <div class=\"overlay\"></div>\n                    <img src=\"https://shop.io.mi-img.com/app/shop/img?id=shop_2db2c661121b99cd27c4340a23c3dba0.png\" alt=\"\" title=\"\">\n                </div>\n                <div class=\"image-caption\"></div>\n            </figure>\n<p>知道我要干什么了吧。。。</p>\n<p>但是，太不稳定了，而且我电脑配置太低，卡到爆炸。。。</p>\n<figure class=\"image-bubble\">\n                <div class=\"img-lightbox\">\n                    <div class=\"overlay\"></div>\n                    <img src=\"https://shop.io.mi-img.com/app/shop/img?id=shop_e9c8a7c87937a100f274c07472058b36.png\" alt=\"\" title=\"\">\n                </div>\n                <div class=\"image-caption\"></div>\n            </figure>\n<p>写个脚本，定时运行。。。</p>\n<p>但是！！！</p>\n<figure class=\"image-bubble\">\n                <div class=\"img-lightbox\">\n                    <div class=\"overlay\"></div>\n                    <img src=\"https://shop.io.mi-img.com/app/shop/img?id=shop_402de385d69492a46e3e01b32dfba107.png\" alt=\"\" title=\"\">\n                </div>\n                <div class=\"image-caption\"></div>\n            </figure>\n<p>心惊胆战啊。。。这也太不稳定了。。。</p>\n<p>那我们换一种思路，用php模拟。为了稳定，我一签就是10次。</p>\n<figure class=\"image-bubble\">\n                <div class=\"img-lightbox\">\n                    <div class=\"overlay\"></div>\n                    <img src=\"https://shop.io.mi-img.com/app/shop/img?id=shop_b8eeaed212a44b84ba39002b17dfdbe0.png\" alt=\"\" title=\"\">\n                </div>\n                <div class=\"image-caption\"></div>\n            </figure>\n<p>然后那个签到系统居然加上了cloudflare。。。本来以为加上cookie参数就可以了，结果没成功，不折腾了。</p>\n<p>我们再换一种思路。</p>\n<figure class=\"image-bubble\">\n                <div class=\"img-lightbox\">\n                    <div class=\"overlay\"></div>\n                    <img src=\"https://shop.io.mi-img.com/app/shop/img?id=shop_e413a06964b828e08221f1923ff1c3a3.png\" alt=\"\" title=\"\">\n                </div>\n                <div class=\"image-caption\"></div>\n            </figure>\n<p>本来好好的，没想到，cfuid居然会变。。。</p>\n<p>我也是真的没办法了，那我们退而求其次，定时提醒签到。</p>\n<figure class=\"image-bubble\">\n                <div class=\"img-lightbox\">\n                    <div class=\"overlay\"></div>\n                    <img src=\"https://shop.io.mi-img.com/app/shop/img?id=shop_4d5661f2310734423182d9ff7afebd78.png\" alt=\"\" title=\"\">\n                </div>\n                <div class=\"image-caption\"></div>\n            </figure>\n<p>还加上了serverchan微信推送，加上宝塔定时命令，完美！</p>\n<p>我还写了一个telegram bot推送的版本，稳定运行到现在。</p>\n","site":{"data":{}},"excerpt":"","more":"<p>首先，让<a href=\"http://signin.xapps.top/\" target=\"_blank\" rel=\"noopener\">xtlsoft签到系统</a>隆重登场！</p>\n<figure class=\"image-bubble\">\n                <div class=\"img-lightbox\">\n                    <div class=\"overlay\"></div>\n                    <img src=\"https://shop.io.mi-img.com/app/shop/img?id=shop_081d5cefac26379da5b230d3c0e37cd5.png\" alt=\"\" title=\"\">\n                </div>\n                <div class=\"image-caption\"></div>\n            </figure>\n<p>额。。。</p>\n<p>这个签到系统还有UA检测啊。不过没关系，我们用手机qq的UA来伪装一下。</p>\n<figure class=\"image-bubble\">\n                <div class=\"img-lightbox\">\n                    <div class=\"overlay\"></div>\n                    <img src=\"https://shop.io.mi-img.com/app/shop/img?id=shop_31c6d53fdd61ebeed67506a710763c57.png\" alt=\"\" title=\"\">\n                </div>\n                <div class=\"image-caption\"></div>\n            </figure>\n<p>那么接下来。。。</p>\n<figure class=\"image-bubble\">\n                <div class=\"img-lightbox\">\n                    <div class=\"overlay\"></div>\n                    <img src=\"https://shop.io.mi-img.com/app/shop/img?id=shop_2db2c661121b99cd27c4340a23c3dba0.png\" alt=\"\" title=\"\">\n                </div>\n                <div class=\"image-caption\"></div>\n            </figure>\n<p>知道我要干什么了吧。。。</p>\n<p>但是，太不稳定了，而且我电脑配置太低，卡到爆炸。。。</p>\n<figure class=\"image-bubble\">\n                <div class=\"img-lightbox\">\n                    <div class=\"overlay\"></div>\n                    <img src=\"https://shop.io.mi-img.com/app/shop/img?id=shop_e9c8a7c87937a100f274c07472058b36.png\" alt=\"\" title=\"\">\n                </div>\n                <div class=\"image-caption\"></div>\n            </figure>\n<p>写个脚本，定时运行。。。</p>\n<p>但是！！！</p>\n<figure class=\"image-bubble\">\n                <div class=\"img-lightbox\">\n                    <div class=\"overlay\"></div>\n                    <img src=\"https://shop.io.mi-img.com/app/shop/img?id=shop_402de385d69492a46e3e01b32dfba107.png\" alt=\"\" title=\"\">\n                </div>\n                <div class=\"image-caption\"></div>\n            </figure>\n<p>心惊胆战啊。。。这也太不稳定了。。。</p>\n<p>那我们换一种思路，用php模拟。为了稳定，我一签就是10次。</p>\n<figure class=\"image-bubble\">\n                <div class=\"img-lightbox\">\n                    <div class=\"overlay\"></div>\n                    <img src=\"https://shop.io.mi-img.com/app/shop/img?id=shop_b8eeaed212a44b84ba39002b17dfdbe0.png\" alt=\"\" title=\"\">\n                </div>\n                <div class=\"image-caption\"></div>\n            </figure>\n<p>然后那个签到系统居然加上了cloudflare。。。本来以为加上cookie参数就可以了，结果没成功，不折腾了。</p>\n<p>我们再换一种思路。</p>\n<figure class=\"image-bubble\">\n                <div class=\"img-lightbox\">\n                    <div class=\"overlay\"></div>\n                    <img src=\"https://shop.io.mi-img.com/app/shop/img?id=shop_e413a06964b828e08221f1923ff1c3a3.png\" alt=\"\" title=\"\">\n                </div>\n                <div class=\"image-caption\"></div>\n            </figure>\n<p>本来好好的，没想到，cfuid居然会变。。。</p>\n<p>我也是真的没办法了，那我们退而求其次，定时提醒签到。</p>\n<figure class=\"image-bubble\">\n                <div class=\"img-lightbox\">\n                    <div class=\"overlay\"></div>\n                    <img src=\"https://shop.io.mi-img.com/app/shop/img?id=shop_4d5661f2310734423182d9ff7afebd78.png\" alt=\"\" title=\"\">\n                </div>\n                <div class=\"image-caption\"></div>\n            </figure>\n<p>还加上了serverchan微信推送，加上宝塔定时命令，完美！</p>\n<p>我还写了一个telegram bot推送的版本，稳定运行到现在。</p>\n"},{"_content":"[本站](https://stzo.cn)就是用cloudflare实现访问的，具体可以看我上一篇文章。如果你使用ipv4来访问本站，会发现速度很快，ping值也在50ms左右（我这里）。这速度延时，不像是cloudflare减速器啊！（笑）下面我就来说说怎么实现加速。\n\n首先，我们要在cloudflare官网注册一个账号：\n![](https://shop.io.mi-img.com/app/shop/img?id=shop_91669121d5256049b710d3d3f7772eb1.png)\n然后，我们去[笨牛网](https://cdn.bnxb.com)，用刚刚注册的cloudflare账号注册笨牛账号，然后添加域名解析，选择cname解析，把它提供的cname地址填到你的域名服务商那里。像这样：\n![](https://shop.io.mi-img.com/app/shop/img?id=shop_f2993d4a4716e5111e8824319d60f65e.png)\n最后就是选节点了，我们ping一下[cloudflare的ip段](https://www.cloudflare.com/zh-cn/ips/)，找到延时最低，丢包最少的ip，填入域名服务商，增加解析，改一下线路，完美！\n![](https://shop.io.mi-img.com/app/shop/img?id=shop_bc4f09b3c0053fce9efca207cad4d8c4.png)\n好心的我给大家推荐几个不错的ip段：\n\n162.159.208.4-162.159.208.103\n\n162.159.209.4-162.159.209.103\n\n162.159.210.4-162.159.210.103\n\n162.159.211.4-162.159.211.103\n\n上面是百度云合作ip段，对电信友好，可以试试。\n\n172.64.32.*\n\n141.101.115.*\n\n上面是cloudflare香港节点，对移动友好，本站就是用的移动ip段。\n\n设置完ip，你会发现网站还是访问不了。。。那是因为，我忘记了一件关键的事情：去笨牛网添加解析。\n![](https://shop.io.mi-img.com/app/shop/img?id=shop_49795ca12686cc81e3ae6365b1ba12bb.png)\n其中，类型和回源地址根据你的服务器自行修改。\n\n最后，还可以在笨牛网的自动优化中优化一下，让全站都被cdn缓存。\n\n接下来，享受飞一般的网站访问速度吧！","source":"_posts/如何优化cloudflare访问速度.md","raw":"[本站](https://stzo.cn)就是用cloudflare实现访问的，具体可以看我上一篇文章。如果你使用ipv4来访问本站，会发现速度很快，ping值也在50ms左右（我这里）。这速度延时，不像是cloudflare减速器啊！（笑）下面我就来说说怎么实现加速。\n\n首先，我们要在cloudflare官网注册一个账号：\n![](https://shop.io.mi-img.com/app/shop/img?id=shop_91669121d5256049b710d3d3f7772eb1.png)\n然后，我们去[笨牛网](https://cdn.bnxb.com)，用刚刚注册的cloudflare账号注册笨牛账号，然后添加域名解析，选择cname解析，把它提供的cname地址填到你的域名服务商那里。像这样：\n![](https://shop.io.mi-img.com/app/shop/img?id=shop_f2993d4a4716e5111e8824319d60f65e.png)\n最后就是选节点了，我们ping一下[cloudflare的ip段](https://www.cloudflare.com/zh-cn/ips/)，找到延时最低，丢包最少的ip，填入域名服务商，增加解析，改一下线路，完美！\n![](https://shop.io.mi-img.com/app/shop/img?id=shop_bc4f09b3c0053fce9efca207cad4d8c4.png)\n好心的我给大家推荐几个不错的ip段：\n\n162.159.208.4-162.159.208.103\n\n162.159.209.4-162.159.209.103\n\n162.159.210.4-162.159.210.103\n\n162.159.211.4-162.159.211.103\n\n上面是百度云合作ip段，对电信友好，可以试试。\n\n172.64.32.*\n\n141.101.115.*\n\n上面是cloudflare香港节点，对移动友好，本站就是用的移动ip段。\n\n设置完ip，你会发现网站还是访问不了。。。那是因为，我忘记了一件关键的事情：去笨牛网添加解析。\n![](https://shop.io.mi-img.com/app/shop/img?id=shop_49795ca12686cc81e3ae6365b1ba12bb.png)\n其中，类型和回源地址根据你的服务器自行修改。\n\n最后，还可以在笨牛网的自动优化中优化一下，让全站都被cdn缓存。\n\n接下来，享受飞一般的网站访问速度吧！","slug":"如何优化cloudflare访问速度","published":1,"date":"2020-03-30T06:09:40.968Z","updated":"2020-03-31T09:34:00.838Z","title":"如何优化cloudflare访问速度","comments":1,"layout":"post","photos":[],"link":"","_id":"ck8js6aqd0005t0vkh69k998x","content":"<p><a href=\"https://stzo.cn\">本站</a>就是用cloudflare实现访问的，具体可以看我上一篇文章。如果你使用ipv4来访问本站，会发现速度很快，ping值也在50ms左右（我这里）。这速度延时，不像是cloudflare减速器啊！（笑）下面我就来说说怎么实现加速。</p>\n<p>首先，我们要在cloudflare官网注册一个账号：</p>\n<figure class=\"image-bubble\">\n                <div class=\"img-lightbox\">\n                    <div class=\"overlay\"></div>\n                    <img src=\"https://shop.io.mi-img.com/app/shop/img?id=shop_91669121d5256049b710d3d3f7772eb1.png\" alt=\"\" title=\"\">\n                </div>\n                <div class=\"image-caption\"></div>\n            </figure>\n<p>然后，我们去<a href=\"https://cdn.bnxb.com\" target=\"_blank\" rel=\"noopener\">笨牛网</a>，用刚刚注册的cloudflare账号注册笨牛账号，然后添加域名解析，选择cname解析，把它提供的cname地址填到你的域名服务商那里。像这样：</p>\n<figure class=\"image-bubble\">\n                <div class=\"img-lightbox\">\n                    <div class=\"overlay\"></div>\n                    <img src=\"https://shop.io.mi-img.com/app/shop/img?id=shop_f2993d4a4716e5111e8824319d60f65e.png\" alt=\"\" title=\"\">\n                </div>\n                <div class=\"image-caption\"></div>\n            </figure>\n<p>最后就是选节点了，我们ping一下<a href=\"https://www.cloudflare.com/zh-cn/ips/\" target=\"_blank\" rel=\"noopener\">cloudflare的ip段</a>，找到延时最低，丢包最少的ip，填入域名服务商，增加解析，改一下线路，完美！</p>\n<figure class=\"image-bubble\">\n                <div class=\"img-lightbox\">\n                    <div class=\"overlay\"></div>\n                    <img src=\"https://shop.io.mi-img.com/app/shop/img?id=shop_bc4f09b3c0053fce9efca207cad4d8c4.png\" alt=\"\" title=\"\">\n                </div>\n                <div class=\"image-caption\"></div>\n            </figure>\n<p>好心的我给大家推荐几个不错的ip段：</p>\n<p>162.159.208.4-162.159.208.103</p>\n<p>162.159.209.4-162.159.209.103</p>\n<p>162.159.210.4-162.159.210.103</p>\n<p>162.159.211.4-162.159.211.103</p>\n<p>上面是百度云合作ip段，对电信友好，可以试试。</p>\n<p>172.64.32.*</p>\n<p>141.101.115.*</p>\n<p>上面是cloudflare香港节点，对移动友好，本站就是用的移动ip段。</p>\n<p>设置完ip，你会发现网站还是访问不了。。。那是因为，我忘记了一件关键的事情：去笨牛网添加解析。</p>\n<figure class=\"image-bubble\">\n                <div class=\"img-lightbox\">\n                    <div class=\"overlay\"></div>\n                    <img src=\"https://shop.io.mi-img.com/app/shop/img?id=shop_49795ca12686cc81e3ae6365b1ba12bb.png\" alt=\"\" title=\"\">\n                </div>\n                <div class=\"image-caption\"></div>\n            </figure>\n<p>其中，类型和回源地址根据你的服务器自行修改。</p>\n<p>最后，还可以在笨牛网的自动优化中优化一下，让全站都被cdn缓存。</p>\n<p>接下来，享受飞一般的网站访问速度吧！</p>\n","site":{"data":{}},"excerpt":"","more":"<p><a href=\"https://stzo.cn\">本站</a>就是用cloudflare实现访问的，具体可以看我上一篇文章。如果你使用ipv4来访问本站，会发现速度很快，ping值也在50ms左右（我这里）。这速度延时，不像是cloudflare减速器啊！（笑）下面我就来说说怎么实现加速。</p>\n<p>首先，我们要在cloudflare官网注册一个账号：</p>\n<figure class=\"image-bubble\">\n                <div class=\"img-lightbox\">\n                    <div class=\"overlay\"></div>\n                    <img src=\"https://shop.io.mi-img.com/app/shop/img?id=shop_91669121d5256049b710d3d3f7772eb1.png\" alt=\"\" title=\"\">\n                </div>\n                <div class=\"image-caption\"></div>\n            </figure>\n<p>然后，我们去<a href=\"https://cdn.bnxb.com\" target=\"_blank\" rel=\"noopener\">笨牛网</a>，用刚刚注册的cloudflare账号注册笨牛账号，然后添加域名解析，选择cname解析，把它提供的cname地址填到你的域名服务商那里。像这样：</p>\n<figure class=\"image-bubble\">\n                <div class=\"img-lightbox\">\n                    <div class=\"overlay\"></div>\n                    <img src=\"https://shop.io.mi-img.com/app/shop/img?id=shop_f2993d4a4716e5111e8824319d60f65e.png\" alt=\"\" title=\"\">\n                </div>\n                <div class=\"image-caption\"></div>\n            </figure>\n<p>最后就是选节点了，我们ping一下<a href=\"https://www.cloudflare.com/zh-cn/ips/\" target=\"_blank\" rel=\"noopener\">cloudflare的ip段</a>，找到延时最低，丢包最少的ip，填入域名服务商，增加解析，改一下线路，完美！</p>\n<figure class=\"image-bubble\">\n                <div class=\"img-lightbox\">\n                    <div class=\"overlay\"></div>\n                    <img src=\"https://shop.io.mi-img.com/app/shop/img?id=shop_bc4f09b3c0053fce9efca207cad4d8c4.png\" alt=\"\" title=\"\">\n                </div>\n                <div class=\"image-caption\"></div>\n            </figure>\n<p>好心的我给大家推荐几个不错的ip段：</p>\n<p>162.159.208.4-162.159.208.103</p>\n<p>162.159.209.4-162.159.209.103</p>\n<p>162.159.210.4-162.159.210.103</p>\n<p>162.159.211.4-162.159.211.103</p>\n<p>上面是百度云合作ip段，对电信友好，可以试试。</p>\n<p>172.64.32.*</p>\n<p>141.101.115.*</p>\n<p>上面是cloudflare香港节点，对移动友好，本站就是用的移动ip段。</p>\n<p>设置完ip，你会发现网站还是访问不了。。。那是因为，我忘记了一件关键的事情：去笨牛网添加解析。</p>\n<figure class=\"image-bubble\">\n                <div class=\"img-lightbox\">\n                    <div class=\"overlay\"></div>\n                    <img src=\"https://shop.io.mi-img.com/app/shop/img?id=shop_49795ca12686cc81e3ae6365b1ba12bb.png\" alt=\"\" title=\"\">\n                </div>\n                <div class=\"image-caption\"></div>\n            </figure>\n<p>其中，类型和回源地址根据你的服务器自行修改。</p>\n<p>最后，还可以在笨牛网的自动优化中优化一下，让全站都被cdn缓存。</p>\n<p>接下来，享受飞一般的网站访问速度吧！</p>\n"},{"_content":"首先，我们来申请一个无限容量的Google Drive\n打开这个网站：[https://gd.zxd.workers.dev/](https://gd.zxd.workers.dev/)\n![](https://shop.io.mi-img.com/app/shop/img?id=shop_4dead0afce20cd7e576af6c8f0e0e5c0.png)\n填写信息，然后你就拥有无限容量Google Drive团队盘了。\n登录你的Google账号，在云端硬盘里找到共享云端硬盘，打开，然后找到地址里的folders后面的一串字符，复制下来。\n打开[https://install.gd.workers.dev/](https://install.gd.workers.dev/)\n![](https://shop.io.mi-img.com/app/shop/img?id=shop_2e3decb469fd329c9828155bf757e891.png)\n获取认证码，把你在上面获得的一串字符填到目录id那一栏，生成代码。\n去[cloudflare](https://dash.cloudflare.com/)新建一个cf worker，把代码粘贴到里面，部署\n![](https://shop.io.mi-img.com/app/shop/img?id=shop_93a89ce87e807687d351baaa56039329.png)\n然后打开xxx(你的worker名字).workers.dev就可以看到你的Google Drive团队盘了。\n展示一下成品：\n![](https://shop.io.mi-img.com/app/shop/img?id=shop_c78e2e601a9428dc7252f5f869cde423.png)","source":"_posts/搭建无限容量goindex.md","raw":"首先，我们来申请一个无限容量的Google Drive\n打开这个网站：[https://gd.zxd.workers.dev/](https://gd.zxd.workers.dev/)\n![](https://shop.io.mi-img.com/app/shop/img?id=shop_4dead0afce20cd7e576af6c8f0e0e5c0.png)\n填写信息，然后你就拥有无限容量Google Drive团队盘了。\n登录你的Google账号，在云端硬盘里找到共享云端硬盘，打开，然后找到地址里的folders后面的一串字符，复制下来。\n打开[https://install.gd.workers.dev/](https://install.gd.workers.dev/)\n![](https://shop.io.mi-img.com/app/shop/img?id=shop_2e3decb469fd329c9828155bf757e891.png)\n获取认证码，把你在上面获得的一串字符填到目录id那一栏，生成代码。\n去[cloudflare](https://dash.cloudflare.com/)新建一个cf worker，把代码粘贴到里面，部署\n![](https://shop.io.mi-img.com/app/shop/img?id=shop_93a89ce87e807687d351baaa56039329.png)\n然后打开xxx(你的worker名字).workers.dev就可以看到你的Google Drive团队盘了。\n展示一下成品：\n![](https://shop.io.mi-img.com/app/shop/img?id=shop_c78e2e601a9428dc7252f5f869cde423.png)","slug":"搭建无限容量goindex","published":1,"date":"2020-04-19T01:27:31.120Z","updated":"2020-04-19T01:27:38.792Z","title":"搭建无限容量goindex","comments":1,"layout":"post","photos":[],"link":"","_id":"ck96dhb4100001wvk9nua349s","content":"<p>首先，我们来申请一个无限容量的Google Drive<br>打开这个网站：<a href=\"https://gd.zxd.workers.dev/\" target=\"_blank\" rel=\"noopener\">https://gd.zxd.workers.dev/</a></p>\n<figure class=\"image-bubble\">\n                <div class=\"img-lightbox\">\n                    <div class=\"overlay\"></div>\n                    <img src=\"https://shop.io.mi-img.com/app/shop/img?id=shop_4dead0afce20cd7e576af6c8f0e0e5c0.png\" alt=\"\" title=\"\">\n                </div>\n                <div class=\"image-caption\"></div>\n            </figure>\n<p>填写信息，然后你就拥有无限容量Google Drive团队盘了。<br>登录你的Google账号，在云端硬盘里找到共享云端硬盘，打开，然后找到地址里的folders后面的一串字符，复制下来。<br>打开<a href=\"https://install.gd.workers.dev/\" target=\"_blank\" rel=\"noopener\">https://install.gd.workers.dev/</a></p>\n<figure class=\"image-bubble\">\n                <div class=\"img-lightbox\">\n                    <div class=\"overlay\"></div>\n                    <img src=\"https://shop.io.mi-img.com/app/shop/img?id=shop_2e3decb469fd329c9828155bf757e891.png\" alt=\"\" title=\"\">\n                </div>\n                <div class=\"image-caption\"></div>\n            </figure>\n<p>获取认证码，把你在上面获得的一串字符填到目录id那一栏，生成代码。<br>去<a href=\"https://dash.cloudflare.com/\" target=\"_blank\" rel=\"noopener\">cloudflare</a>新建一个cf worker，把代码粘贴到里面，部署</p>\n<figure class=\"image-bubble\">\n                <div class=\"img-lightbox\">\n                    <div class=\"overlay\"></div>\n                    <img src=\"https://shop.io.mi-img.com/app/shop/img?id=shop_93a89ce87e807687d351baaa56039329.png\" alt=\"\" title=\"\">\n                </div>\n                <div class=\"image-caption\"></div>\n            </figure>\n<p>然后打开xxx(你的worker名字).workers.dev就可以看到你的Google Drive团队盘了。<br>展示一下成品：</p>\n<figure class=\"image-bubble\">\n                <div class=\"img-lightbox\">\n                    <div class=\"overlay\"></div>\n                    <img src=\"https://shop.io.mi-img.com/app/shop/img?id=shop_c78e2e601a9428dc7252f5f869cde423.png\" alt=\"\" title=\"\">\n                </div>\n                <div class=\"image-caption\"></div>\n            </figure>","site":{"data":{}},"excerpt":"","more":"<p>首先，我们来申请一个无限容量的Google Drive<br>打开这个网站：<a href=\"https://gd.zxd.workers.dev/\" target=\"_blank\" rel=\"noopener\">https://gd.zxd.workers.dev/</a></p>\n<figure class=\"image-bubble\">\n                <div class=\"img-lightbox\">\n                    <div class=\"overlay\"></div>\n                    <img src=\"https://shop.io.mi-img.com/app/shop/img?id=shop_4dead0afce20cd7e576af6c8f0e0e5c0.png\" alt=\"\" title=\"\">\n                </div>\n                <div class=\"image-caption\"></div>\n            </figure>\n<p>填写信息，然后你就拥有无限容量Google Drive团队盘了。<br>登录你的Google账号，在云端硬盘里找到共享云端硬盘，打开，然后找到地址里的folders后面的一串字符，复制下来。<br>打开<a href=\"https://install.gd.workers.dev/\" target=\"_blank\" rel=\"noopener\">https://install.gd.workers.dev/</a></p>\n<figure class=\"image-bubble\">\n                <div class=\"img-lightbox\">\n                    <div class=\"overlay\"></div>\n                    <img src=\"https://shop.io.mi-img.com/app/shop/img?id=shop_2e3decb469fd329c9828155bf757e891.png\" alt=\"\" title=\"\">\n                </div>\n                <div class=\"image-caption\"></div>\n            </figure>\n<p>获取认证码，把你在上面获得的一串字符填到目录id那一栏，生成代码。<br>去<a href=\"https://dash.cloudflare.com/\" target=\"_blank\" rel=\"noopener\">cloudflare</a>新建一个cf worker，把代码粘贴到里面，部署</p>\n<figure class=\"image-bubble\">\n                <div class=\"img-lightbox\">\n                    <div class=\"overlay\"></div>\n                    <img src=\"https://shop.io.mi-img.com/app/shop/img?id=shop_93a89ce87e807687d351baaa56039329.png\" alt=\"\" title=\"\">\n                </div>\n                <div class=\"image-caption\"></div>\n            </figure>\n<p>然后打开xxx(你的worker名字).workers.dev就可以看到你的Google Drive团队盘了。<br>展示一下成品：</p>\n<figure class=\"image-bubble\">\n                <div class=\"img-lightbox\">\n                    <div class=\"overlay\"></div>\n                    <img src=\"https://shop.io.mi-img.com/app/shop/img?id=shop_c78e2e601a9428dc7252f5f869cde423.png\" alt=\"\" title=\"\">\n                </div>\n                <div class=\"image-caption\"></div>\n            </figure>"},{"_content":"最近闲的无聊，建了一个tg api的代理，实现在中国大陆访问tg api，实现bot功能。\n速度不错，用的cf workers，每天10万次请求，理智使用。\n网址：[https://ss.stzo.cn](https://ss.stzo.cn)\n调用方法：把api.telegram.org替换为ss.stzo.cn即可","source":"_posts/建了一个tg api代理.md","raw":"最近闲的无聊，建了一个tg api的代理，实现在中国大陆访问tg api，实现bot功能。\n速度不错，用的cf workers，每天10万次请求，理智使用。\n网址：[https://ss.stzo.cn](https://ss.stzo.cn)\n调用方法：把api.telegram.org替换为ss.stzo.cn即可","slug":"建了一个tg api代理","published":1,"date":"2020-04-21T07:51:01.030Z","updated":"2020-04-21T07:51:08.535Z","title":"建了一个tg api代理","comments":1,"layout":"post","photos":[],"link":"","_id":"ck99m0yup00005ovka6i198u4","content":"<p>最近闲的无聊，建了一个tg api的代理，实现在中国大陆访问tg api，实现bot功能。<br>速度不错，用的cf workers，每天10万次请求，理智使用。<br>网址：<a href=\"https://ss.stzo.cn\" target=\"_blank\" rel=\"noopener\">https://ss.stzo.cn</a><br>调用方法：把api.telegram.org替换为ss.stzo.cn即可</p>\n","site":{"data":{}},"excerpt":"","more":"<p>最近闲的无聊，建了一个tg api的代理，实现在中国大陆访问tg api，实现bot功能。<br>速度不错，用的cf workers，每天10万次请求，理智使用。<br>网址：<a href=\"https://ss.stzo.cn\" target=\"_blank\" rel=\"noopener\">https://ss.stzo.cn</a><br>调用方法：把api.telegram.org替换为ss.stzo.cn即可</p>\n"},{"_content":"抽奖送一个v2ray节点，可能会再送一个eusrv的vps（看我心情）\n回帖格式：抽奖抽奖\n随机抽取一个人送出。同一邮箱只能抽奖一次，请确保邮箱正确，中奖后将通过邮箱发送奖品。\n2020年5月2日中午12：00开奖","source":"_posts/抽奖第一波.md","raw":"抽奖送一个v2ray节点，可能会再送一个eusrv的vps（看我心情）\n回帖格式：抽奖抽奖\n随机抽取一个人送出。同一邮箱只能抽奖一次，请确保邮箱正确，中奖后将通过邮箱发送奖品。\n2020年5月2日中午12：00开奖","slug":"抽奖第一波","published":1,"date":"2020-05-01T04:40:53.413Z","updated":"2020-05-01T04:41:00.826Z","title":"抽奖第一波","comments":1,"layout":"post","photos":[],"link":"","_id":"ck9nppqjd0000ggvk89kae8xz","content":"<p>抽奖送一个v2ray节点，可能会再送一个eusrv的vps（看我心情）<br>回帖格式：抽奖抽奖<br>随机抽取一个人送出。同一邮箱只能抽奖一次，请确保邮箱正确，中奖后将通过邮箱发送奖品。<br>2020年5月2日中午12：00开奖</p>\n","site":{"data":{}},"excerpt":"","more":"<p>抽奖送一个v2ray节点，可能会再送一个eusrv的vps（看我心情）<br>回帖格式：抽奖抽奖<br>随机抽取一个人送出。同一邮箱只能抽奖一次，请确保邮箱正确，中奖后将通过邮箱发送奖品。<br>2020年5月2日中午12：00开奖</p>\n"}],"PostAsset":[],"PostCategory":[],"PostTag":[],"Tag":[]}}